x,y,theta,lmx_0,lmx_0,lmx_1,lmx_1,lmx_2,lmx_2,lmx_3,lmx_3,lmx_4,lmx_4,lmx_5,lmx_5,lmx_6,lmx_6,lmx_7,lmx_7,lmx_8,lmx_8
0.0995162, 0.0100545, 0.100864, 1.76845, 0.868119, -0.0894613, 3.81869
0.193881, -0.00994601, 0.225891, 1.77862, 0.83602, -0.0518775, 3.83685
0.136664, -0.115794, 0.348336, 1.77474, 0.843467, -0.0201501, 3.83742
0.212612, 0.0613245, 0.415667, 1.76808, 0.85787, 0.0104033, 3.83409
0.192647, -0.0871279, 0.469958, 1.78019, 0.833222, 0.0187888, 3.83844
0.33919, 0.158895, 0.576684, 1.78461, 0.825673, -0.017959, 3.8394
0.589614, -0.0167921, 0.821757, 1.78716, 0.828209, -0.134227, 3.83927
0.648128, 0.181981, 0.868909, 1.79135, 0.818705, -0.113988, 3.8411
0.698166, 0.261169, 0.945209, 1.78948, 0.820474, -0.0984419, 3.83996, 4.57622, 3.16811
0.586414, 0.379198, 1.03103, 1.78057, 0.842054, -0.108151, 3.83928, 4.50182, 3.16403
0.703939, 0.428697, 1.10222, 1.78436, 0.836348, -0.116605, 3.84134, 4.64248, 2.93967
0.918172, 0.467736, 1.18048, 1.81142, 0.769992, -0.0344123, 3.84762, 4.74627, 2.88747
0.796953, 0.645156, 1.2514, 1.79632, 0.803581, -0.123009, 3.84299, 4.67704, 2.92477
0.881272, 0.589244, 1.38775, 1.804, 0.785011, -0.070806, 3.84638, 4.7526, 2.85416
0.869338, 0.768149, 1.45587, 1.8201, 0.747187, 0.0280408, 3.85344, 4.89364, 2.70719
0.86641, 0.914871, 1.54397, 1.82224, 0.742807, 0.0360259, 3.85444, 4.9142, 2.68051
0.813897, 1.01207, 1.49093, 1.8069, 0.768289, 0.00381142, 3.84611, 4.86431, 2.74617
0.848861, 1.07074, 1.53474, 1.79545, 0.791533, -0.0737928, 3.83599, 4.7922, 2.8165
0.793335, 1.17904, 1.53663, 1.79906, 0.78533, -0.0681991, 3.8393, 4.82445, 2.7891
0.80392, 1.33724, 1.51562, 1.79842, 0.787321, -0.0743332, 3.83912, 4.80452, 2.81463
0.87016, 1.47401, 1.52918, 1.79716, 0.794913, -0.102571, 3.83723, 4.75494, 2.86846
0.796116, 1.52982, 1.53804, 1.79826, 0.796, -0.12381, 3.8389, 4.74333, 2.87608
0.885804, 1.5934, 1.48311, 1.80614, 0.774507, -0.0651769, 3.84255, 4.80801, 2.7926
0.810036, 1.70154, 1.53155, 1.80672, 0.772902, -0.0666044, 3.84261, 4.81984, 2.77537
0.896804, 1.97328, 1.49725, 1.79931, 0.795948, -0.0891978, 3.83667, 4.78119, 2.82661
0.850124, 1.90287, 1.53261, 1.79658, 0.803988, -0.0921886, 3.83454, 4.77253, 2.83765, 4.98447, 4.71507
0.851615, 1.98676, 1.50457, 1.79724, 0.799683, -0.0580066, 3.83244, 4.7976, 2.80233, 4.92711, 4.8393, 1.97557, 6.69729
0.840378, 2.24901, 1.48368, 1.80207, 0.790807, -0.037823, 3.83559, 4.79509, 2.80303, 4.99326, 4.65879, 2.19117, 6.70782
0.875464, 2.06326, 1.49447, 1.81221, 0.771669, -0.00135035, 3.8401, 4.8446, 2.71607, 4.91554, 4.79204, 2.11349, 6.69232
0.922565, 2.21966, 1.51633, 1.81772, 0.760197, 0.0230101, 3.84075, 4.89629, 2.63641, 4.98252, 4.71271, 2.28997, 6.67771
0.88051, 2.39337, 1.47686, 1.82075, 0.754707, 0.045571, 3.84081, 4.93498, 2.57713, 4.99155, 4.68638, 2.25559, 6.6704
0.963687, 2.44597, 1.47711, 1.82125, 0.756694, 0.0490271, 3.8411, 4.94146, 2.56422, 5.03826, 4.59938, 2.19656, 6.69452
1.03276, 2.53798, 1.49503, 1.82223, 0.754907, 0.0505546, 3.84171, 4.94885, 2.55248, 5.03754, 4.55134, 2.21474, 6.70483
0.881552, 2.65686, 1.50392, 1.82306, 0.75353, 0.0471231, 3.84243, 4.94631, 2.55298, 5.06345, 4.51889, 2.22036, 6.71297
0.958412, 2.75711, 1.47257, 1.83157, 0.732495, 0.0943612, 3.84585, 4.98305, 2.49458, 5.13419, 4.45965, 2.27677, 6.69164
1.03474, 2.78384, 1.47481, 1.83553, 0.723808, 0.112861, 3.84752, 4.99998, 2.46536, 5.1891, 4.40545, 2.32523, 6.67653
1.04771, 3.02766, 1.46693, 1.83728, 0.71585, 0.12396, 3.84847, 5.00087, 2.46863, 5.18566, 4.40439, 2.33064, 6.67245
1.00483, 3.04118, 1.52133, 1.81732, 0.764359, 0.0213843, 3.83984, 4.91945, 2.60065, 5.04696, 4.54295, 2.11868, 6.74376
0.98043, 3.20017, 1.49453, 1.81055, 0.776304, -0.0297418, 3.836, 4.90051, 2.63364, 4.99768, 4.6014, 2.06265, 6.76428
0.977508, 3.20508, 1.5236, 1.81109, 0.77854, -0.0278077, 3.83604, 4.91194, 2.61051, 5.00757, 4.58975, 2.05376, 6.76837
0.884143, 3.38373, 1.52504, 1.80912, 0.782188, -0.0465691, 3.83499, 4.90562, 2.61888, 5.00011, 4.60057, 2.0241, 6.77647
0.997019, 3.56637, 1.49691, 1.81271, 0.773269, -0.0267872, 3.83727, 4.91635, 2.60089, 4.99802, 4.60227, 2.03779, 6.75561
1.02085, 3.45132, 1.52326, 1.81054, 0.775835, -0.0384969, 3.83598, 4.9079, 2.61747, 4.98158, 4.62312, 2.02361, 6.76916
0.935661, 3.63593, 1.52786, 1.80904, 0.742008, -0.0933013, 3.77705, 4.87328, 2.63701, 4.93878, 4.61955, 1.95742, 6.73862
1.23487, 3.53696, 1.42514, 1.81599, 0.537409, 0.179043, 3.74152, 5.04085, 2.21063, 5.26719, 4.16977, 2.47266, 6.52111
1.08822, 3.72641, 1.50781, 1.80707, 0.601733, 0.078156, 3.752, 4.97962, 2.35039, 5.12521, 4.36454, 2.2908, 6.60445
0.958823, 3.75549, 1.55625, 1.8102, 0.658542, -0.00341863, 3.75115, 4.92524, 2.48861, 5.02705, 4.49477, 2.11017, 6.66273
1.04148, 4.03272, 1.52271, 1.81042, 0.668581, -0.0190217, 3.75222, 4.91384, 2.51583, 5.00554, 4.51839, 2.08864, 6.67405
1.06329, 3.98314, 1.53519, 1.81119, 0.678715, -0.0335973, 3.7531, 4.90188, 2.54797, 4.99102, 4.52507, 2.07158, 6.68102
1.05636, 4.20481, 1.53553, 1.80929, 0.654774, -0.0057776, 3.74836, 4.91309, 2.50837, 5.01382, 4.4859, 2.11528, 6.65053
1.14119, 4.27257, 1.51213, 1.81238, 0.657281, -0.00209022, 3.74854, 4.91761, 2.50562, 5.03071, 4.46493, 2.13608, 6.64058
1.11456, 4.32151, 1.47759, 1.8137, 0.665403, -0.0115023, 3.74924, 4.90993, 2.52976, 5.02677, 4.4688, 2.12942, 6.64216
1.1662, 4.51075, 1.46958, 1.81425, 0.659936, -0.00282415, 3.74744, 4.91561, 2.51642, 5.03873, 4.45213, 2.13701, 6.63189
1.1447, 4.51442, 1.47818, 1.81629, 0.675169, -0.0185058, 3.75054, 4.90685, 2.54942, 5.03089, 4.4695, 2.12196, 6.64718
1.16279, 4.85716, 1.46571, 1.82269, 0.710704, -0.0584431, 3.75207, 4.89067, 2.60843, 4.97618, 4.56085, 2.03318, 6.68349
1.01329, 4.78128, 1.50767, 1.82556, 0.728855, -0.0783818, 3.75446, 4.88036, 2.64526, 4.95317, 4.59945, 2.00598, 6.70208
0.937952, 5.05496, 1.53821, 1.83137, 0.762575, -0.116338, 3.75744, 4.86001, 2.71231, 4.90792, 4.67152, 1.93534, 6.73747
0.96174, 5.02634, 1.54515, 1.83213, 0.777319, -0.13568, 3.75952, 4.84584, 2.75299, 4.89102, 4.69427, 1.90059, 6.75379
0.951568, 5.12288, 1.54218, 1.83104, 0.758077, -0.109403, 3.75774, 4.8609, 2.70998, 4.92341, 4.65229, 1.95768, 6.72796
0.991052, 5.24289, 1.56222, 1.83973, 0.797509, -0.149352, 3.76133, 4.84114, 2.78486, 4.87458, 4.73902, 1.89346, 6.76581
0.846735, 5.27411, 1.51524, 1.83845, 0.778051, -0.122506, 3.75899, 4.85817, 2.73942, 4.91083, 4.68835, 1.93817, 6.74125
0.923593, 5.46201, 1.49606, 1.83142, 0.748585, -0.0941133, 3.75614, 4.8719, 2.68361, 4.94625, 4.62689, 1.98533, 6.71039
1.07157, 5.50422, 1.54826, 1.82749, 0.732018, -0.0772356, 3.75557, 4.88055, 2.65168, 4.96192, 4.60615, 2.02511, 6.69722
1.06989, 5.73442, 1.47639, 1.82389, 0.720182, -0.0675672, 3.75447, 4.88415, 2.6313, 4.97573, 4.57827, 2.03667, 6.68593
1.11712, 5.68187, 1.54998, 1.82204, 0.715886, -0.0675054, 3.75347, 4.88238, 2.62875, 4.97341, 4.57702, 2.03731, 6.67795, 4.75667, 8.83053
1.0153, 5.78343, 1.53888, 1.82311, 0.715015, -0.0647161, 3.7531, 4.88544, 2.6223, 4.97397, 4.58221, 2.0412, 6.67884, 4.94676, 8.6439
1.16958, 5.8222, 1.5757, 1.82452, 0.708553, -0.0510826, 3.75316, 4.895, 2.60353, 4.98933, 4.56701, 2.07467, 6.66994, 4.99212, 8.65146
1.11839, 5.92774, 1.54405, 1.82313, 0.706557, -0.049087, 3.75437, 4.89542, 2.5995, 4.99027, 4.56616, 2.07885, 6.66569, 4.96589, 8.66638
1.16405, 6.10027, 1.55022, 1.82571, 0.718139, -0.0621229, 3.75501, 4.88797, 2.62498, 4.97281, 4.59534, 2.05622, 6.67759, 5.03263, 8.60262
1.07761, 6.20133, 1.50255, 1.82471, 0.714594, -0.0608877, 3.75322, 4.88846, 2.61935, 4.97689, 4.58231, 2.05132, 6.67741, 5.03338, 8.61451
0.929884, 6.34969, 1.48254, 1.82658, 0.734475, -0.0874922, 3.75439, 4.87224, 2.66498, 4.94484, 4.62583, 1.99695, 6.70127, 4.93499, 8.6745
1.13937, 6.3098, 1.55707, 1.82699, 0.736709, -0.0897214, 3.75479, 4.87104, 2.66946, 4.94197, 4.63112, 1.99392, 6.70337, 4.91825, 8.68293
1.13034, 6.42906, 1.45263, 1.82896, 0.721721, -0.0607525, 3.75501, 4.89043, 2.6287, 4.97555, 4.59554, 2.06143, 6.68332, 5.0137, 8.62584
1.09454, 6.53581, 1.46437, 1.82985, 0.721344, -0.0588646, 3.75463, 4.8919, 2.62731, 4.97667, 4.59637, 2.06827, 6.68184, 5.02516, 8.63523
1.13348, 6.65414, 1.44814, 1.83156, 0.74392, -0.0886621, 3.75695, 4.87346, 2.67871, 4.94008, 4.64759, 2.00773, 6.70779, 4.94757, 8.66808
1.09165, 6.85108, 1.40008, 1.83355, 0.741672, -0.077174, 3.75915, 4.88161, 2.66701, 4.95318, 4.63771, 2.03545, 6.70375, 4.97633, 8.64281
1.19013, 6.89496, 1.37274, 1.83484, 0.756042, -0.0956752, 3.76086, 4.8702, 2.69967, 4.92858, 4.67564, 2.00319, 6.71748, 4.90563, 8.69339
1.07607, 6.9403, 1.3249, 1.83005, 0.734685, -0.0758468, 3.75766, 4.88127, 2.65636, 4.95577, 4.62793, 2.03604, 6.69549, 4.9602, 8.65679
1.22144, 7.07167, 1.28313, 1.82831, 0.730822, -0.0754439, 3.75631, 4.8809, 2.65091, 4.95737, 4.62071, 2.03328, 6.69224, 4.9702, 8.64264
1.25996, 7.15193, 1.28423, 1.82901, 0.731214, -0.074569, 3.75623, 4.88164, 2.65106, 4.95749, 4.62244, 2.03746, 6.6919, 4.97629, 8.64876
1.325, 7.20541, 1.24296, 1.82983, 0.729568, -0.0693114, 3.75672, 4.88518, 2.64528, 4.96231, 4.62048, 2.05226, 6.68814, 5.01645, 8.606
1.34527, 7.28362, 1.26365, 1.82969, 0.730265, -0.0703987, 3.7569, 4.88437, 2.64695, 4.96083, 4.6224, 2.04987, 6.68884, 5.02963, 8.59277
1.41259, 7.3421, 1.22194, 1.82635, 0.713002, -0.0544119, 3.75368, 4.89334, 2.61265, 4.98069, 4.58977, 2.08149, 6.66869, 5.07862, 8.55816
1.36243, 7.51234, 1.14269, 1.82729, 0.725681, -0.0727926, 3.75416, 4.8821, 2.64288, 4.95811, 4.6211, 2.04594, 6.68277, 5.00743, 8.61746
1.46004, 7.53318, 1.12339, 1.82745, 0.72598, -0.0723838, 3.7545, 4.88216, 2.64335, 4.95806, 4.6209, 2.04482, 6.6834, 5.01659, 8.60203
1.31037, 7.63983, 1.1257, 1.82646, 0.728318, -0.0782927, 3.75454, 4.8785, 2.64964, 4.95178, 4.62987, 2.03683, 6.68488, 5.01046, 8.60836
1.60839, 7.81845, 1.03153, 1.82601, 0.722537, -0.070307, 3.75412, 4.88311, 2.63671, 4.96127, 4.61464, 2.04922, 6.67925, 5.02062, 8.6098
1.61843, 7.8918, 1.00496, 1.82692, 0.72479, -0.0710176, 3.75464, 4.8825, 2.64103, 4.95835, 4.62061, 2.04812, 6.68104, 5.04078, 8.57987
1.56772, 7.98934, 0.971295, 1.82775, 0.727305, -0.0708236, 3.75605, 4.88281, 2.64399, 4.95991, 4.61687, 2.04229, 6.68678, 5.0322, 8.59813
1.70128, 7.96549, 0.965402, 1.82599, 0.719347, -0.0615436, 3.75587, 4.88793, 2.62644, 4.97129, 4.59936, 2.05932, 6.67758, 5.06947, 8.56146
1.79642, 8.16232, 0.908507, 1.82518, 0.718279, -0.0630688, 3.75501, 4.886, 2.62748, 4.96693, 4.60346, 2.05505, 6.67506, 5.06562, 8.55521
1.7813, 8.23275, 0.87145, 1.82616, 0.73685, -0.0919932, 3.75529, 4.86759, 2.67435, 4.92973, 4.65355, 1.99661, 6.69504, 4.9709, 8.62536
1.90347, 8.31347, 0.859254, 1.82804, 0.743565, -0.0979701, 3.756, 4.8644, 2.68799, 4.92264, 4.66389, 1.98234, 6.70419, 4.94121, 8.65897
1.92311, 8.38869, 0.788481, 1.82616, 0.733444, -0.0860358, 3.75502, 4.87139, 2.66518, 4.93825, 4.63933, 2.00541, 6.69335, 4.97422, 8.64514
1.90731, 8.44259, 0.840541, 1.82562, 0.736007, -0.0910107, 3.75513, 4.86793, 2.67207, 4.93183, 4.64718, 1.99575, 6.69581, 4.96342, 8.65611
1.91178, 8.56198, 0.827569, 1.82465, 0.739819, -0.0990544, 3.7553, 4.86241, 2.68275, 4.92128, 4.66135, 1.98165, 6.6986, 4.95258, 8.65611
1.96144, 8.52926, 0.769918, 1.82806, 0.765611, -0.132344, 3.75697, 4.84222, 2.74227, 4.87917, 4.72149, 1.91444, 6.72796, 4.85086, 8.73247
1.79691, 8.70816, 0.811755, 1.82809, 0.775939, -0.148132, 3.75769, 4.83207, 2.76741, 4.85916, 4.74873, 1.88361, 6.73884, 4.81233, 8.7584
2.05836, 8.66143, 0.734603, 1.83004, 0.789939, -0.16559, 3.75877, 4.82151, 2.79922, 4.83724, 4.77971, 1.84743, 6.75524, 4.75511, 8.80767
2.02647, 8.82188, 0.732239, 1.83088, 0.79103, -0.165569, 3.75885, 4.82183, 2.8009, 4.83739, 4.78001, 1.8466, 6.75713, 4.74909, 8.81523
2.03578, 8.90868, 0.685676, 1.82973, 0.792323, -0.169587, 3.75912, 4.81887, 2.80506, 4.83236, 4.78631, 1.83971, 6.75762, 4.74945, 8.80604
2.15098, 8.99184, 0.621833, 1.82978, 0.788571, -0.164102, 3.75868, 4.8224, 2.79626, 4.83901, 4.77762, 1.85112, 6.7533, 4.76299, 8.79626
2.33614, 8.99756, 0.626027, 1.82861, 0.786382, -0.163006, 3.75856, 4.8227, 2.79216, 4.84022, 4.7756, 1.85484, 6.74985, 4.7755, 8.77919
2.42336, 9.07327, 0.574656, 1.82864, 0.786369, -0.162336, 3.75881, 4.82309, 2.7916, 4.84094, 4.77451, 1.85587, 6.74999, 4.77272, 8.79021
2.55771, 9.02573, 0.558395, 1.8279, 0.783396, -0.159045, 3.75871, 4.82496, 2.78497, 4.84513, 4.76847, 1.86299, 6.7463, 4.7868, 8.77547
2.59953, 9.2519, 0.535361, 1.82755, 0.792413, -0.172761, 3.75981, 4.81601, 2.80655, 4.82772, 4.79249, 1.8367, 6.75544, 4.75645, 8.79339
2.68844, 9.33021, 0.49405, 1.82789, 0.790646, -0.170133, 3.75927, 4.81781, 2.80261, 4.8309, 4.78821, 1.8419, 6.75364, 4.76069, 8.79151
2.54485, 9.23827, 0.497805, 1.82961, 0.801228, -0.184538, 3.75917, 4.80915, 2.82801, 4.81258, 4.81382, 1.81272, 6.76583, 4.715, 8.82656
2.73516, 9.46283, 0.476924, 1.82949, 0.801099, -0.184019, 3.75947, 4.80943, 2.82731, 4.81328, 4.8129, 1.81357, 6.76572, 4.71614, 8.82754
2.95964, 9.29481, 0.405318, 1.8283, 0.796676, -0.179217, 3.7593, 4.81213, 2.8174, 4.8195, 4.80362, 1.82397, 6.76033, 4.73675, 8.80594
2.95294, 9.38699, 0.409179, 1.82721, 0.810059, -0.197631, 3.76273, 4.79996, 2.84706, 4.79667, 4.83608, 1.78812, 6.77401, 4.70142, 8.82231
3.1817, 9.4354, 0.346533, 1.82673, 0.808749, -0.196427, 3.76269, 4.80058, 2.84423, 4.79814, 4.83394, 1.79123, 6.77218, 4.70805, 8.81433
3.17638, 9.51172, 0.32389, 1.82929, 0.820884, -0.213581, 3.76166, 4.7904, 2.87457, 4.77598, 4.86468, 1.75619, 6.78627, 4.65011, 8.86238
3.34675, 9.66609, 0.225698, 1.8296, 0.819477, -0.204581, 3.76518, 4.79614, 2.86541, 4.78655, 4.85499, 1.77351, 6.78449, 4.66342, 8.87306
3.35194, 9.57643, 0.213457, 1.83226, 0.827536, -0.220952, 3.76075, 4.78656, 2.89093, 4.76534, 4.88152, 1.74067, 6.79401, 4.61119, 8.90796
3.31385, 9.74226, 0.232407, 1.83268, 0.83264, -0.22514, 3.7627, 4.78395, 2.90045, 4.75971, 4.89153, 1.73224, 6.7995, 4.59572, 8.92609
3.52206, 9.64666, 0.208414, 1.83286, 0.831056, -0.221429, 3.76314, 4.78636, 2.89566, 4.76406, 4.88672, 1.73969, 6.79765, 4.60217, 8.9264
3.50284, 9.64722, 0.171274, 1.8344, 0.81968, -0.214843, 3.75479, 4.79119, 2.87924, 4.77221, 4.86914, 1.7522, 6.78611, 4.61527, 8.90968
3.63168, 9.63195, 0.155595, 1.83218, 0.83714, -0.23638, 3.761, 4.77664, 2.91469, 4.74601, 4.90709, 1.71124, 6.80412, 4.57493, 8.92771
3.80529, 9.63214, 0.0598204, 1.83058, 0.841987, -0.233272, 3.76873, 4.77798, 2.91558, 4.74982, 4.90859, 1.71817, 6.8085, 4.58461, 8.931
3.85493, 9.74618, 0.0536215, 1.8306, 0.851681, -0.234992, 3.77676, 4.77674, 2.92747, 4.74705, 4.92112, 1.71387, 6.81872, 4.57352, 8.95504
3.87025, 9.72551, 0.0240235, 1.82693, 0.853408, -0.232883, 3.78254, 4.77683, 2.92386, 4.75083, 4.91712, 1.72032, 6.81986, 4.59047, 8.94198
4.16522, 9.77338, 0.00316215, 1.82534, 0.85758, -0.235056, 3.78644, 4.77485, 2.92869, 4.74836, 4.92256, 1.7174, 6.82381, 4.58902, 8.94456, 8.4696, 7.61974
4.18256, 9.88346, 0.0547321, 1.82063, 0.872274, -0.241658, 3.79973, 4.7688, 2.94575, 4.74071, 4.94055, 1.70733, 6.83857, 4.57697, 8.96936, 8.52416, 7.77282
4.19677, 9.76564, 0.00705218, 1.82334, 0.867123, -0.235324, 3.79673, 4.77385, 2.93711, 4.74803, 4.93141, 1.71772, 6.83338, 4.58787, 8.96027, 8.55816, 7.83116
4.40687, 9.81863, 0.0032239, 1.82028, 0.873989, -0.244487, 3.79995, 4.76688, 2.94968, 4.73743, 4.94438, 1.70205, 6.84051, 4.57134, 8.97109, 8.53726, 7.80707
4.50942, 9.73594, -0.0106738, 1.81951, 0.861694, -0.24049, 3.791, 4.76922, 2.93272, 4.74287, 4.9267, 1.71066, 6.82768, 4.58511, 8.95246, 8.54298, 7.78929
4.51707, 9.79517, 0.0229943, 1.82217, 0.842423, -0.235583, 3.77354, 4.7734, 2.911, 4.74874, 4.90401, 1.71807, 6.80817, 4.59469, 8.9321, 8.52333, 7.77008
4.64404, 9.70486, 0.0515366, 1.8224, 0.828901, -0.226152, 3.76598, 4.77956, 2.88887, 4.76053, 4.88093, 1.73611, 6.79396, 4.61824, 8.91333, 8.53978, 7.76072
4.7661, 9.76014, 0.0522857, 1.82256, 0.818358, -0.219675, 3.75955, 4.78374, 2.87256, 4.76847, 4.86403, 1.74818, 6.78294, 4.63199, 8.90732, 8.57056, 7.80793
4.89011, 9.63244, 0.0203521, 1.83083, 0.796671, -0.21094, 3.73903, 4.79239, 2.85006, 4.77771, 4.84096, 1.75754, 6.76077, 4.64448, 8.88876, 8.5839, 7.80051
4.95266, 9.56947, 0.00755525, 1.8311, 0.801282, -0.208013, 3.74506, 4.79438, 2.85232, 4.78134, 4.84315, 1.76267, 6.76552, 4.65323, 8.88148, 8.58379, 7.76318
5.05492, 9.79663, 0.0312936, 1.8447, 0.821688, -0.233379, 3.74143, 4.78301, 2.90879, 4.74649, 4.90282, 1.70023, 6.7884, 4.57243, 8.92957, 8.53945, 7.89194
4.98116, 9.84375, 0.0988135, 1.83777, 0.828003, -0.243365, 3.74544, 4.77407, 2.91802, 4.73544, 4.91255, 1.68789, 6.79485, 4.55434, 8.94342, 8.54441, 7.96508
5.17185, 9.77862, 0.0609236, 1.83603, 0.812233, -0.211878, 3.75014, 4.79363, 2.87163, 4.77507, 4.8636, 1.75053, 6.77731, 4.6346, 8.89823, 8.60667, 7.89272
5.2494, 9.89567, 0.000636578, 1.8383, 0.815199, -0.236259, 3.73722, 4.77888, 2.8988, 4.7446, 4.89198, 1.70105, 6.78148, 4.57343, 8.92612, 8.57061, 7.94531
5.32486, 9.78979, 0.0338643, 1.83994, 0.817649, -0.251478, 3.72958, 4.76974, 2.91657, 4.72551, 4.91046, 1.66995, 6.78473, 4.53431, 8.94563, 8.55196, 7.99726
5.42472, 9.78163, 0.0267162, 1.8412, 0.830709, -0.27334, 3.72831, 4.7562, 2.95101, 4.6982, 4.94637, 1.62557, 6.79942, 4.48017, 8.97278, 8.50577, 8.02031
5.4736, 9.74405, 0.0578969, 1.84083, 0.830578, -0.274693, 3.72758, 4.75525, 2.95178, 4.69683, 4.94694, 1.62279, 6.79958, 4.47948, 8.96704, 8.502, 7.98538
5.61225, 9.92622, 0.055196, 1.84095, 0.835034, -0.275428, 3.73142, 4.7548, 2.9572, 4.69577, 4.95267, 1.62087, 6.80419, 4.47718, 8.97207, 8.49491, 7.98738
5.7477, 9.86214, 0.00281954, 1.84111, 0.835314, -0.272557, 3.73338, 4.75669, 2.95505, 4.69927, 4.95042, 1.62603, 6.80437, 4.48422, 8.96977, 8.49837, 7.98098
5.74328, 9.85753, 0.00913024, 1.84111, 0.836122, -0.273628, 3.73351, 4.756, 2.95686, 4.69792, 4.95233, 1.62395, 6.80524, 4.48146, 8.97163, 8.49604, 7.98438
5.85843, 9.79301, -0.016957, 1.8411, 0.835939, -0.271268, 3.7348, 4.75751, 2.95454, 4.70084, 4.94988, 1.62836, 6.80496, 4.48747, 8.9692, 8.49881, 7.97687
6.11869, 9.89164, -0.0674591, 1.84127, 0.833733, -0.270404, 3.73306, 4.75814, 2.95162, 4.70194, 4.94679, 1.63006, 6.80268, 4.48951, 8.96625, 8.50286, 7.97436
6.0768, 9.72685, -0.0515883, 1.8403, 0.832145, -0.262942, 3.73671, 4.76256, 2.9424, 4.71141, 4.93707, 1.64488, 6.80069, 4.50994, 8.95665, 8.51342, 7.94802
6.19268, 9.89183, -0.0475783, 1.84029, 0.830411, -0.260493, 3.73653, 4.76413, 2.93838, 4.71449, 4.93283, 1.64962, 6.79881, 4.51626, 8.95251, 8.51854, 7.94003
6.4138, 9.75377, -0.144718, 1.83965, 0.834735, -0.262426, 3.73998, 4.76265, 2.94407, 4.71212, 4.93885, 1.64609, 6.8033, 4.51209, 8.95825, 8.51008, 7.94471
6.4634, 9.87849, -0.142175, 1.84073, 0.832422, -0.261658, 3.73752, 4.76354, 2.94191, 4.71289, 4.93655, 1.64688, 6.80095, 4.51255, 8.95612, 8.51441, 7.94534
6.61366, 9.88189, -0.215797, 1.84, 0.836146, -0.26406, 3.74015, 4.76172, 2.94731, 4.70998, 4.94227, 1.64262, 6.80483, 4.50737, 8.9616, 8.50628, 7.95112
6.45895, 9.8464, -0.226108, 1.83893, 0.837137, -0.262615, 3.74267, 4.76225, 2.94611, 4.71197, 4.94102, 1.64606, 6.80574, 4.51258, 8.96028, 8.50615, 7.94339
6.79319, 9.75041, -0.267219, 1.83823, 0.843009, -0.268826, 3.74503, 4.758, 2.9572, 4.70428, 4.95275, 1.63447, 6.81199, 4.49758, 8.97162, 8.49095, 7.9616
6.80089, 9.6465, -0.318537, 1.83829, 0.843919, -0.270478, 3.74488, 4.75696, 2.95968, 4.7022, 4.95537, 1.63127, 6.81299, 4.49327, 8.97418, 8.48791, 7.9671
6.96373, 9.52874, -0.300311, 1.83825, 0.842637, -0.268438, 3.7449, 4.75825, 2.95648, 4.70477, 4.95199, 1.63522, 6.8116, 4.49856, 8.97088, 8.4919, 7.96039
7.00121, 9.63448, -0.359802, 1.8375, 0.843154, -0.268207, 3.74601, 4.75812, 2.95615, 4.7052, 4.95165, 1.63621, 6.81208, 4.50026, 8.97049, 8.49111, 7.95724
7.05723, 9.46539, -0.36987, 1.83546, 0.840196, -0.260578, 3.74907, 4.76228, 2.94442, 4.71516, 4.93931, 1.65232, 6.80865, 4.52281, 8.95831, 8.50277, 7.92625
7.09859, 9.54276, -0.417938, 1.83456, 0.841966, -0.261977, 3.7505, 4.76105, 2.94673, 4.71358, 4.94178, 1.65026, 6.81049, 4.52053, 8.96063, 8.49838, 7.92793
7.22422, 9.54776, -0.437848, 1.83558, 0.840986, -0.261977, 3.74891, 4.76143, 2.9466, 4.71338, 4.94161, 1.64955, 6.80953, 4.51906, 8.96055, 8.50025, 7.93115
7.38149, 9.51973, -0.489942, 1.83671, 0.839779, -0.261493, 3.74733, 4.76216, 2.94589, 4.71377, 4.94083, 1.64968, 6.80831, 4.51865, 8.95988, 8.50311, 7.93324
7.44168, 9.38525, -0.476256, 1.8326, 0.840626, -0.257979, 3.75287, 4.76291, 2.94004, 4.71898, 4.93479, 1.65937, 6.80888, 4.53367, 8.95366, 8.5031, 7.90839, 9.68059, 5.03811
7.61293, 9.48239, -0.579846, 1.83317, 0.83246, -0.247408, 3.75102, 4.76991, 2.92253, 4.73215, 4.91628, 1.67941, 6.8001, 4.56002, 8.93569, 8.52648, 7.87594, 9.74771, 5.08284
7.59986, 9.27817, -0.552545, 1.83353, 0.839999, -0.258318, 3.75146, 4.76302, 2.94052, 4.71836, 4.9353, 1.65802, 6.8083, 4.53141, 8.95422, 8.50376, 7.91236, 9.6571, 5.04158
7.90703, 9.30156, -0.597612, 1.83631, 0.827098, -0.243266, 3.74637, 4.77372, 2.91601, 4.73671, 4.90937, 1.68506, 6.79458, 4.56599, 8.92917, 8.53934, 7.87243, 9.63241, 4.96304
7.80709, 9.20428, -0.587794, 1.83538, 0.830216, -0.246143, 3.74824, 4.77152, 2.92101, 4.73327, 4.91467, 1.68015, 6.79785, 4.55996, 8.93424, 8.53139, 7.87878, 9.6292, 4.93236
7.87903, 9.12894, -0.637553, 1.83495, 0.832412, -0.248864, 3.74898, 4.76962, 2.92536, 4.72995, 4.91927, 1.67523, 6.80019, 4.55362, 8.9387, 8.5253, 7.88627, 9.67382, 4.99258
8.01651, 9.0847, -0.668783, 1.83497, 0.831753, -0.248207, 3.74873, 4.77005, 2.9241, 4.73078, 4.91793, 1.67651, 6.7995, 4.55529, 8.93741, 8.52695, 7.88416, 9.65143, 4.99611
8.04501, 8.9838, -0.695451, 1.83429, 0.833859, -0.250335, 3.74989, 4.76842, 2.92761, 4.72824, 4.92165, 1.67288, 6.80172, 4.55082, 8.94098, 8.52126, 7.88881, 9.63376, 4.97857
8.10505, 9.00092, -0.678884, 1.83363, 0.834222, -0.250286, 3.75069, 4.76822, 2.92735, 4.72844, 4.9214, 1.67348, 6.80206, 4.55194, 8.94068, 8.52057, 7.88648, 9.6344, 4.98814
8.28333, 8.93497, -0.751514, 1.83544, 0.830962, -0.247672, 3.74799, 4.77056, 2.92321, 4.73137, 4.91696, 1.67721, 6.79869, 4.55602, 8.93649, 8.52862, 7.88368, 9.58924, 4.95564
8.2964, 8.88676, -0.805507, 1.83707, 0.836062, -0.25593, 3.7469, 4.76585, 2.93738, 4.72066, 4.93188, 1.66004, 6.80431, 4.53237, 8.95113, 8.51342, 7.916, 9.6407, 5.03108
8.39563, 8.72027, -0.858773, 1.83811, 0.840155, -0.262428, 3.74628, 4.76206, 2.94838, 4.71231, 4.94343, 1.64674, 6.8088, 4.51421, 8.96245, 8.50109, 7.94032, 9.61583, 5.05818
8.50997, 8.8254, -0.84212, 1.84116, 0.829126, -0.249079, 3.74184, 4.77176, 2.92754, 4.72846, 4.9213, 1.6703, 6.79705, 4.54407, 8.94113, 8.53312, 7.90716, 9.64851, 5.03442
8.55344, 8.60738, -0.916987, 1.84154, 0.830131, -0.250837, 3.74151, 4.77076, 2.9305, 4.72618, 4.9244, 1.66663, 6.79817, 4.53903, 8.94417, 8.52979, 7.91391, 9.62411, 5.02253
8.59759, 8.46548, -0.890939, 1.84382, 0.825563, -0.246462, 3.73834, 4.77442, 2.92379, 4.73124, 4.91722, 1.67344, 6.79338, 4.54701, 8.93733, 8.54177, 7.90658, 9.58347, 4.97974
8.62524, 8.58346, -0.941307, 1.84293, 0.829282, -0.251209, 3.7396, 4.77104, 2.93117, 4.72545, 4.92506, 1.66492, 6.79737, 4.53609, 8.9449, 8.53076, 7.91905, 9.57459, 4.99349
8.65076, 8.39902, -0.923874, 1.84312, 0.828544, -0.250302, 3.73932, 4.77169, 2.92975, 4.72655, 4.92353, 1.66654, 6.79657, 4.53816, 8.94342, 8.53289, 7.91666, 9.57003, 4.98861
8.77914, 8.32793, -1.02299, 1.84567, 0.823688, -0.245703, 3.73582, 4.77558, 2.92286, 4.73177, 4.91635, 1.67339, 6.79157, 4.54606, 8.93657, 8.54468, 7.90943, 9.57545, 4.97826
8.81102, 8.26617, -1.0159, 1.84743, 0.825761, -0.252757, 3.73229, 4.77169, 2.93324, 4.7224, 4.9279, 1.65796, 6.79432, 4.5245, 8.9479, 8.53093, 7.93729, 9.57888, 5.02086
8.86138, 8.142, -1.02494, 1.84724, 0.825235, -0.251181, 3.73294, 4.77264, 2.93094, 4.72452, 4.9252, 1.66142, 6.7936, 4.5293, 8.94526, 8.53448, 7.93118, 9.5584, 4.99375
8.94722, 8.05709, -1.07497, 1.84788, 0.823129, -0.246503, 3.73343, 4.77588, 2.92494, 4.73032, 4.91856, 1.67015, 6.79116, 4.54077, 8.93883, 8.54451, 7.91813, 9.57622, 4.977
8.86363, 7.95473, -1.09174, 1.84635, 0.824431, -0.242972, 3.73794, 4.77759, 2.92148, 4.73517, 4.91436, 1.67843, 6.79205, 4.55281, 8.93461, 8.54915, 7.90174, 9.55331, 4.95003
9.01564, 7.80634, -1.16497, 1.84825, 0.815684, -0.230573, 3.73583, 4.78625, 2.90291, 4.75029, 4.89482, 1.70076, 6.78268, 4.58172, 8.91565, 8.57525, 7.86737, 9.5688, 4.90256
9.06987, 7.71862, -1.20744, 1.84902, 0.816824, -0.232997, 3.73501, 4.78499, 2.90689, 4.74715, 4.89886, 1.69569, 6.78394, 4.57458, 8.91967, 8.5722, 7.87775, 9.58444, 4.92195
9.15391, 7.61375, -1.21408, 1.85314, 0.808512, -0.225518, 3.72893, 4.7913, 2.89516, 4.7557, 4.88645, 1.70708, 6.77532, 4.58763, 8.90792, 8.59399, 7.86732, 9.61491, 4.91616
9.15273, 7.57199, -1.24318, 1.85429, 0.808702, -0.227265, 3.72735, 4.79061, 2.89791, 4.75332, 4.88926, 1.70298, 6.7756, 4.58156, 8.91076, 8.59284, 7.87677, 9.62282, 4.93187
9.14184, 7.46989, -1.25121, 1.85288, 0.812006, -0.231023, 3.72921, 4.7877, 2.90332, 4.749, 4.89475, 1.69712, 6.77899, 4.57446, 8.91605, 8.58496, 7.884, 9.61038, 4.94483
9.19834, 7.35344, -1.30907, 1.85283, 0.816235, -0.237275, 3.72955, 4.78367, 2.91327, 4.74119, 4.90517, 1.6852, 6.78355, 4.5586, 8.92622, 8.57263, 7.90403, 9.60417, 4.97035
9.25301, 7.21625, -1.31051, 1.85284, 0.816635, -0.237917, 3.72955, 4.78326, 2.91425, 4.7404, 4.90617, 1.68401, 6.78397, 4.55699, 8.9272, 8.57171, 7.90618, 9.60622, 4.97501
9.17833, 7.28344, -1.35507, 1.85351, 0.812875, -0.233514, 3.72815, 4.78633, 2.90697, 4.74579, 4.89849, 1.69202, 6.77998, 4.56729, 8.91978, 8.58204, 7.89419, 9.6054, 4.95991
9.32468, 7.14584, -1.3256, 1.85335, 0.815015, -0.236937, 3.72825, 4.78408, 2.91214, 4.74153, 4.90393, 1.68557, 6.7823, 4.55881, 8.92505, 8.57449, 7.90377, 9.59734, 4.96964
9.24887, 7.04248, -1.36498, 1.85242, 0.819079, -0.243334, 3.72889, 4.77964, 2.92124, 4.73376, 4.91347, 1.67415, 6.78667, 4.54395, 8.93434, 8.56215, 7.92125, 9.59168, 4.99212
9.26969, 6.88059, -1.40868, 1.85127, 0.821623, -0.247986, 3.72925, 4.77624, 2.927, 4.72823, 4.91947, 1.66632, 6.7894, 4.53393, 8.9402, 8.55387, 7.93217, 9.58676, 5.00769
9.37115, 6.83183, -1.50256, 1.85382, 0.817403, -0.23942, 3.72875, 4.78265, 2.91729, 4.73828, 4.9094, 1.68027, 6.78489, 4.55161, 8.93037, 8.56859, 7.91408, 9.59681, 4.98092, 8.35368, 2.07117
9.2981, 6.6807, -1.50447, 1.85378, 0.816742, -0.238935, 3.72843, 4.78294, 2.91613, 4.7389, 4.90815, 1.68128, 6.78418, 4.55297, 8.92916, 8.56975, 7.91194, 9.59695, 4.9789, 8.33444, 2.04315
9.29513, 6.57013, -1.47863, 1.85375, 0.816947, -0.239177, 3.7285, 4.78277, 2.91654, 4.7386, 4.90859, 1.68083, 6.78441, 4.55237, 8.92958, 8.56924, 7.91272, 9.59685, 4.97961, 8.31297, 2.05317
9.27773, 6.54932, -1.503, 1.85419, 0.813054, -0.233353, 3.728, 4.78667, 2.90762, 4.74581, 4.89916, 1.69171, 6.78019, 4.56668, 8.9204, 8.58129, 7.89544, 9.60195, 4.95921, 8.46567, 1.97049
9.51034, 6.4346, -1.49692, 1.84839, 0.798359, -0.201752, 3.7367, 4.80481, 2.859, 4.78612, 4.84908, 1.75701, 6.76308, 4.65681, 8.86987, 8.69305, 7.90198, 9.78652, 4.99464, 8.74517, 2.03
9.42423, 6.31234, -1.50011, 1.85094, 0.810592, -0.223216, 3.73386, 4.79198, 2.89315, 4.75895, 4.8845, 1.71366, 6.77686, 4.59776, 8.90493, 8.62441, 7.91459, 9.69278, 4.99378, 8.7025, 2.03191
9.50476, 6.27663, -1.49818, 1.85073, 0.821564, -0.237358, 3.73605, 4.78279, 2.91713, 4.74117, 4.9099, 1.68643, 6.78862, 4.56187, 8.92929, 8.59793, 7.97039, 9.69805, 5.06356, 8.77503, 2.05416
9.35465, 6.18539, -1.48058, 1.852, 0.834311, -0.256889, 3.73573, 4.77071, 2.94905, 4.71646, 4.94337, 1.64772, 6.80262, 4.50959, 8.96281, 8.54743, 8.01522, 9.64382, 5.1052, 8.68748, 2.08749
9.50743, 6.29223, -1.47145, 1.85045, 0.833163, -0.252238, 3.73844, 4.77313, 2.94235, 4.72252, 4.93661, 1.65783, 6.80109, 4.52377, 8.95602, 8.56653, 8.02296, 9.67907, 5.11684, 8.74949, 2.09853
9.51203, 6.0821, -1.47124, 1.84931, 0.845483, -0.267583, 3.74174, 4.76283, 2.96813, 4.7033, 4.96423, 1.6288, 6.81429, 4.48588, 8.98224, 8.54244, 8.09343, 9.70146, 5.20925, 8.78262, 2.16096
9.38713, 6.1824, -1.4837, 1.8482, 0.851305, -0.27452, 3.74386, 4.75794, 2.97952, 4.69471, 4.97651, 1.6162, 6.82044, 4.46953, 8.9945, 8.53434, 8.13247, 9.71085, 5.25578, 8.80413, 2.20187
9.43492, 6.09217, -1.42473, 1.84775, 0.869599, -0.298777, 3.7471, 4.74218, 3.02002, 4.66433, 5.01942, 1.5695, 6.84022, 4.40773, 9.03583, 8.48218, 8.20972, 9.6971, 5.34548, 8.85355, 2.26021
9.37513, 5.95894, -1.45898, 1.84691, 0.866139, -0.286636, 3.75178, 4.7498, 3.00453, 4.68001, 5.00311, 1.59368, 6.83604, 4.43985, 9.02027, 8.50839, 8.17499, 9.70626, 5.2995, 8.85208, 2.2334
9.48327, 5.86283, -1.4163, 1.8456, 0.865594, -0.283435, 3.754, 4.75141, 3, 4.68428, 4.99877, 1.60067, 6.83535, 4.44949, 9.01596, 8.51899, 8.1734, 9.72155, 5.29825, 8.85541, 2.23611
9.51423, 5.67809, -1.45819, 1.84595, 0.863477, -0.282482, 3.75231, 4.75212, 2.99725, 4.68535, 4.99573, 1.60235, 6.83311, 4.45182, 9.01278, 8.52184, 8.1711, 9.72724, 5.29775, 8.89255, 2.22719
9.46309, 5.56904, -1.47566, 1.84679, 0.867221, -0.291446, 3.7496, 4.74654, 3.01068, 4.67333, 5.01085, 1.58309, 6.83786, 4.42551, 9.02764, 8.49874, 8.19833, 9.71126, 5.32872, 8.85125, 2.25829
9.54811, 5.52259, -1.48793, 1.84842, 0.869445, -0.301251, 3.74474, 4.74072, 3.02338, 4.66048, 5.02397, 1.56298, 6.84061, 4.39854, 9.04054, 8.47644, 8.22748, 9.69741, 5.60429, 8.8696, 2.25743
9.43063, 5.79285, -1.44275, 1.86292, 0.8395, -0.35738, 3.67078, 4.70848, 3.05916, 4.5834, 5.0626, 1.44109, 6.81475, 4.23397, 9.07726, 8.33531, 8.34798, 9.60209, 5.62477, 8.81927, 2.43103
9.36802, 5.79859, -1.42448, 1.88508, 0.792877, -0.44945, 3.55398, 4.65473, 3.11649, 4.45816, 5.11918, 1.24713, 6.77306, 3.97516, 9.13033, 8.10729, 8.51046, 9.43133, 5.70502, 8.74386, 2.62107
9.29058, 5.04641, -1.46574, 1.84042, 0.70853, -0.339937, 3.56374, 4.71023, 2.89519, 4.60554, 4.89719, 1.48862, 6.68369, 4.30356, 8.91522, 8.38846, 8.12469, 9.57651, 5.07642, 8.72279, 2.10367
9.3775, 5.12925, -1.47801, 1.8594, 0.724817, -0.34172, 3.56713, 4.71573, 2.93018, 4.59859, 4.93274, 1.46853, 6.70086, 4.27116, 8.94995, 8.36032, 8.17605, 9.5601, 5.14026, 8.72063, 2.17915
9.51133, 5.02282, -1.45746, 1.8465, 0.703258, -0.345949, 3.55046, 4.70822, 2.90201, 4.59536, 4.90558, 1.46975, 6.6796, 4.27621, 8.92329, 8.36423, 8.14518, 9.56001, 5.16021, 8.77166, 2.15709
9.46019, 5.03801, -1.46097, 1.85512, 0.716085, -0.348181, 3.55657, 4.70997, 2.9244, 4.59086, 4.92783, 1.45849, 6.69254, 4.25888, 8.94486, 8.35113, 8.18187, 9.56381, 5.14745, 8.78537, 2.20475
9.47283, 4.94041, -1.42749, 1.85468, 0.761427, -0.340042, 3.60776, 4.71509, 2.96011, 4.60228, 4.95937, 1.47785, 6.73592, 4.2865, 8.97624, 8.3757, 8.2005, 9.5847, 5.10168, 8.76883, 2.22988
9.5191, 4.72772, -1.43875, 1.84505, 0.755043, -0.318595, 3.61973, 4.72528, 2.92726, 4.63008, 4.92778, 1.52363, 6.72923, 4.34857, 8.94615, 8.42951, 8.14049, 9.61014, 5.04198, 8.76639, 2.148
9.57776, 4.38639, -1.48508, 1.84226, 0.749005, -0.324685, 3.61215, 4.72044, 2.92342, 4.6237, 4.92261, 1.51625, 6.72283, 4.34065, 8.94032, 8.42189, 8.13501, 9.61118, 5.02651, 8.78596, 2.14932
9.61743, 4.43099, -1.51458, 1.85662, 0.742244, -0.317315, 3.60036, 4.72981, 2.92415, 4.62774, 4.92451, 1.51504, 6.71696, 4.33422, 8.94196, 8.41777, 8.1454, 9.61252, 5.06978, 8.8245, 2.1634
9.48252, 4.4384, -1.45934, 1.88809, 0.763536, -0.314427, 3.59851, 4.73823, 2.98071, 4.61386, 4.98157, 1.479, 6.74157, 4.27663, 8.99754, 8.37038, 8.23957, 9.58628, 5.21429, 8.8304, 2.26985
9.55973, 4.36618, -1.46963, 1.89067, 0.762641, -0.314715, 3.59599, 4.73915, 2.98212, 4.61307, 4.98347, 1.47636, 6.74084, 4.27221, 8.9994, 8.36676, 8.24453, 9.58469, 5.22552, 8.83022, 2.27519
9.59505, 4.24189, -1.44364, 1.88935, 0.764153, -0.314844, 3.59814, 4.7385, 2.98274, 4.61313, 4.98395, 1.47713, 6.7423, 4.27365, 8.99996, 8.3683, 8.24521, 9.58535, 5.22033, 8.83338, 2.27088
9.6619, 4.32253, -1.42928, 1.89399, 0.778337, -0.315928, 3.60967, 4.74018, 2.99883, 4.61272, 5.00815, 1.47111, 6.75798, 4.26176, 9.02431, 8.36065, 8.28552, 9.58176, 5.28138, 8.84092, 2.31771
9.71445, 4.15894, -1.42455, 1.90696, 0.797397, -0.324176, 3.61558, 4.73847, 3.03372, 4.60334, 5.05724, 1.44212, 6.77979, 4.21339, 9.0736, 8.32176, 8.37585, 9.57124, 5.41436, 8.89971, 2.4208
9.64142, 4.02731, -1.42485, 1.91192, 0.790738, -0.317746, 3.60992, 4.74501, 3.0266, 4.6098, 5.04773, 1.45029, 6.77279, 4.22324, 9.06413, 8.33027, 8.3612, 9.57631, 5.40236, 8.9056, 2.39851
9.67066, 4.07142, -1.45913, 1.91985, 0.788303, -0.312492, 3.60603, 4.75156, 3.02564, 4.61514, 5.04975, 1.45304, 6.77091, 4.22327, 9.06627, 8.33226, 8.37066, 9.58026, 5.41705, 8.91789, 2.40799
9.72709, 3.96771, -1.44064, 1.91693, 0.802804, -0.319998, 3.61795, 4.74626, 3.04342, 4.60665, 5.07026, 1.44114, 6.78614, 4.20789, 9.08679, 8.31957, 8.40073, 9.56976, 5.45361, 8.91708, 2.42851
9.73872, 3.91447, -1.43165, 1.92076, 0.798923, -0.312945, 3.61615, 4.75245, 3.03681, 4.6142, 5.06287, 1.45113, 6.78211, 4.22015, 9.07947, 8.33027, 8.3874, 9.57606, 5.44571, 8.91318, 2.41858
9.6492, 3.73299, -1.44289, 1.91057, 0.802777, -0.320477, 3.62181, 4.74426, 3.03733, 4.60725, 5.06556, 1.44563, 6.78633, 4.2159, 9.08206, 8.32617, 8.38966, 9.56948, 5.44356, 8.88529, 2.43035
9.76545, 3.6529, -1.45062, 1.91298, 0.802633, -0.318931, 3.62093, 4.7457, 3.03836, 4.60856, 5.0659, 1.44632, 6.78604, 4.21606, 9.08244, 8.32636, 8.39067, 9.5715, 5.44337, 8.89698, 2.42795
9.69388, 3.56033, -1.42254, 1.91498, 0.794346, -0.314026, 3.61456, 4.75009, 3.02787, 4.61389, 5.05383, 1.45415, 6.77746, 4.22627, 9.07044, 8.33509, 8.37275, 9.57598, 5.42616, 8.89486, 2.40708
9.85002, 3.38726, -1.45549, 1.91636, 0.793564, -0.312863, 3.61361, 4.75128, 3.02742, 4.61519, 5.05319, 1.45518, 6.77661, 4.22715, 9.06975, 8.33584, 8.37212, 9.57732, 5.42725, 8.90431, 2.40395
9.75441, 3.33751, -1.45586, 1.91429, 0.800467, -0.317454, 3.61946, 4.74788, 3.03529, 4.61092, 5.06276, 1.44981, 6.78363, 4.22015, 9.07946, 8.33028, 8.38717, 9.57356, 5.44164, 8.89914, 2.42187
9.67861, 3.21985, -1.41917, 1.91598, 0.794538, -0.314049, 3.61484, 4.75117, 3.02761, 4.61489, 5.05452, 1.45553, 6.77747, 4.22722, 9.07145, 8.33651, 8.37596, 9.57701, 5.43294, 8.90109, 2.40684
9.77289, 3.08044, -1.43561, 1.9012, 0.790389, -0.331435, 3.6092, 4.73487, 3.02583, 4.59684, 5.05279, 1.43585, 6.77346, 4.20602, 9.06966, 8.31596, 8.37679, 9.55844, 5.43603, 8.8855, 2.40645
9.59256, 3.13277, -1.38968, 1.92231, 0.820244, -0.316013, 3.63546, 4.75246, 3.06094, 4.61116, 5.08854, 1.4463, 6.80367, 4.21283, 9.10517, 8.32496, 8.42035, 9.57271, 5.4797, 8.90307, 2.45334
9.74756, 2.95073, -1.42503, 1.91784, 0.807371, -0.321033, 3.62224, 4.74778, 3.04847, 4.60594, 5.07639, 1.44058, 6.79085, 4.20657, 9.09308, 8.31872, 8.40869, 9.56734, 5.47056, 8.9013, 2.43915
9.77342, 2.91777, -1.41591, 1.91986, 0.805688, -0.31664, 3.62196, 4.75131, 3.04476, 4.61085, 5.07255, 1.44696, 6.78908, 4.21432, 9.08933, 8.32577, 8.40229, 9.57238, 5.46302, 8.90443, 2.43277
9.82067, 2.57781, -1.47049, 1.92006, 0.790159, -0.315502, 3.60703, 4.75202, 3.02805, 4.61212, 5.05569, 1.44897, 6.77338, 4.21706, 9.07253, 8.32793, 8.38335, 9.57377, 5.44539, 8.9064, 2.41157
9.86219, 2.63285, -1.46155, 1.92297, 0.7907, -0.312198, 3.60775, 4.75516, 3.02844, 4.61541, 5.05588, 1.45247, 6.77391, 4.22083, 9.07264, 8.3316, 8.383, 9.57718, 5.4438, 8.90892, 2.41239
9.90385, 2.52935, -1.47972, 1.91849, 0.792256, -0.317565, 3.6089, 4.75013, 3.03045, 4.61006, 5.05832, 1.44662, 6.77552, 4.21435, 9.07519, 8.32544, 8.38681, 9.57164, 5.44983, 8.90459, 2.41435
9.79146, 2.40195, -1.52195, 1.91489, 0.799899, -0.320185, 3.61706, 4.74697, 3.03714, 4.6075, 5.06523, 1.44468, 6.78316, 4.21288, 9.0822, 8.3237, 8.39297, 9.56941, 5.45643, 8.90069, 2.41968
9.84986, 2.33699, -1.46974, 1.91737, 0.798361, -0.317364, 3.61585, 4.74977, 3.035, 4.61072, 5.06344, 1.44812, 6.78161, 4.2164, 9.08055, 8.32717, 8.39119, 9.57237, 5.4563, 8.90432, 2.41602
9.84234, 2.23143, -1.49224, 1.92049, 0.806207, -0.314326, 3.62356, 4.75278, 3.04292, 4.61365, 5.07161, 1.45091, 6.7895, 4.21898, 9.08877, 8.32984, 8.39989, 9.57499, 5.4656, 8.90732, 2.4243
9.96077, 2.18195, -1.60945, 1.91751, 0.793082, -0.316198, 3.61132, 4.75062, 3.0286, 4.61235, 5.05714, 1.45044, 6.77627, 4.21931, 9.07435, 8.32977, 8.38386, 9.57423, 5.44959, 8.90546, 2.40749
9.73813, 2.05038, -1.90067, 1.92345, 0.793798, -0.306606, 3.6142, 4.75871, 3.02595, 4.62273, 5.05455, 1.46315, 6.77685, 4.23408, 9.07198, 8.34349, 8.37753, 9.58468, 5.44293, 8.91201, 2.39988
9.83019, 1.94576, -2.00539, 1.92152, 0.789897, -0.307842, 3.61078, 4.75722, 3.02138, 4.62171, 5.04988, 1.46263, 6.7729, 4.23404, 9.06733, 8.34321, 8.37195, 9.58379, 5.43708, 8.9101, 2.39417
9.86489, 1.99252, -2.13231, 1.92268, 0.78825, -0.305803, 3.60968, 4.75892, 3.0189, 4.62399, 5.04739, 1.46548, 6.77121, 4.23742, 9.0649, 8.34632, 8.3685, 9.58617, 5.43358, 8.9116, 2.39034
9.93587, 1.86963, -2.38805, 1.92, 0.787739, -0.308734, 3.60903, 4.75606, 3.01863, 4.62095, 5.04695, 1.46235, 6.77068, 4.23425, 9.06441, 8.34319, 8.36804, 9.5831, 5.43264, 8.90852, 2.39042
9.65935, 1.80918, -2.66939, 1.92011, 0.785772, -0.307526, 3.60774, 4.75681, 3.01566, 4.62241, 5.04389, 1.46454, 6.76865, 4.23713, 9.06138, 8.34572, 8.36367, 9.58465, 5.42786, 8.90867, 2.38594
9.56973, 1.72912, -2.8679, 1.92151, 0.786319, -0.306178, 3.60825, 4.75819, 3.01625, 4.62376, 5.04461, 1.46581, 6.76922, 4.23829, 9.06212, 8.34694, 8.36465, 9.586, 5.42914, 8.91018, 2.38669
9.57493, 1.71566, -3.03248, 1.92225, 0.786206, -0.303509, 3.60936, 4.76022, 3.01482, 4.62671, 5.04158, 1.4705, 6.76879, 4.2448, 9.05906, 8.35232, 8.35722, 9.58856, 5.42164, 8.91135, 2.37752
9.58938, 1.68366, -3.00439, 1.91631, 0.809166, -0.315427, 3.62849, 4.74968, 3.04378, 4.61394, 5.06939, 1.45371, 6.79164, 4.22456, 9.08668, 8.33325, 8.39067, 9.57576, 5.4586, 8.92518, 2.40717
9.3077, 1.70274, -3.04808, 1.92204, 0.814276, -0.315743, 3.63003, 4.75205, 3.05412, 4.61236, 5.08161, 1.44788, 6.7974, 4.21434, 9.09893, 8.32559, 8.41228, 9.57382, 5.48538, 8.92219, 2.42825
9.18842, 1.71072, -3.08977, 1.9237, 0.821897, -0.316217, 3.63636, 4.75203, 3.06373, 4.61171, 5.09109, 1.44584, 6.80501, 4.21096, 9.10845, 8.32272, 8.42419, 9.57323, 5.50048, 8.92973, 2.43702
9.06945, 1.62164, -3.11539, 1.92634, 0.820934, -0.319412, 3.63212, 4.75208, 3.06728, 4.60743, 5.09752, 1.43741, 6.80487, 4.19809, 9.11495, 8.31267, 8.4407, 9.5685, 5.52114, 8.91721, 2.45514
9.01095, 1.68231, -3.12188, 1.9254, 0.824101, -0.31968, 3.63569, 4.75145, 3.07035, 4.6072, 5.09893, 1.43803, 6.80775, 4.19975, 9.11627, 8.31352, 8.43911, 9.56795, 5.51955, 8.91969, 2.45193
8.94334, 1.72102, -3.09235, 1.9255, 0.826549, -0.320325, 3.63762, 4.75087, 3.07345, 4.60646, 5.10227, 1.43665, 6.81025, 4.19776, 9.11962, 8.31182, 8.44374, 9.56739, 5.5245, 8.92242, 2.45641
8.86012, 1.69401, -3.07342, 1.92748, 0.818633, -0.319314, 3.62934, 4.75292, 3.06524, 4.60759, 5.0971, 1.43669, 6.80285, 4.19621, 9.11468, 8.3116, 8.44334, 9.56869, 5.52548, 8.91413, 2.45773
8.77537, 1.70147, -3.09055, 1.92963, 0.824787, -0.320697, 3.63342, 4.75294, 3.0745, 4.60564, 5.10686, 1.4324, 6.80922, 4.18958, 9.12445, 8.30617, 8.45774, 9.56655, 5.54334, 8.91596, 2.47041
8.61427, 1.50768, -3.05512, 1.93518, 0.835483, -0.323786, 3.63902, 4.75326, 3.09211, 4.60136, 5.12789, 1.42177, 6.82077, 4.17235, 9.14567, 8.29263, 8.49321, 9.56235, 5.58686, 8.91893, 2.50353
8.55472, 1.70607, -3.03043, 1.93608, 0.838272, -0.325061, 3.64054, 4.75299, 3.09678, 4.59968, 5.13308, 1.41861, 6.82375, 4.16769, 9.15087, 8.28877, 8.50147, 9.56044, 5.59715, 8.91802, 2.51113
8.46765, 1.76963, -3.05747, 1.9377, 0.826473, -0.317837, 3.63225, 4.75839, 3.07975, 4.60793, 5.11529, 1.43094, 6.81162, 4.18389, 9.13314, 8.30304, 8.47585, 9.56864, 5.56852, 8.91446, 2.48613
8.3807, 1.66764, -3.06219, 1.93968, 0.830376, -0.31908, 3.63429, 4.75861, 3.08633, 4.60619, 5.12283, 1.42697, 6.81582, 4.17762, 9.14075, 8.29803, 8.48826, 9.56666, 5.58434, 8.91397, 2.49723
8.25242, 1.65835, -3.07057, 1.9436, 0.828348, -0.317623, 3.63076, 4.76096, 3.0855, 4.60741, 5.1252, 1.4258, 6.81434, 4.17372, 9.14331, 8.29595, 8.4977, 9.56854, 5.59494, 8.91386, 2.50875
8.19571, 1.64904, -3.02908, 1.94545, 0.822179, -0.312839, 3.62635, 4.76393, 3.07882, 4.6143, 5.11218, 1.43537, 6.80652, 4.18625, 9.13134, 8.30779, 8.48441, 9.5759, 5.5806, 8.91492, 2.49665
8.02343, 1.60726, -3.06441, 1.94682, 0.8156, -0.309179, 3.62127, 4.76779, 3.06836, 4.61627, 5.10611, 1.43895, 6.80119, 4.19114, 9.12399, 8.31129, 8.46933, 9.57842, 5.56315, 8.91185, 2.48072
8.01258, 1.63277, -3.07659, 1.95164, 0.820606, -0.312491, 3.62141, 4.76887, 3.07725, 4.60959, 5.12579, 1.42545, 6.8089, 4.17014, 9.14255, 8.29379, 8.49902, 9.57168, 5.59729, 8.90662, 2.51089
7.84938, 1.60374, -3.07036, 1.94708, 0.817874, -0.312213, 3.62161, 4.76763, 3.07012, 4.60972, 5.1178, 1.42937, 6.80611, 4.17802, 9.13384, 8.2989, 8.47889, 9.5712, 5.57268, 8.90461, 2.49022
7.82712, 1.65518, -3.0469, 1.93976, 0.826101, -0.320705, 3.62911, 4.76108, 3.07779, 4.59757, 5.12994, 1.41683, 6.81608, 4.16532, 9.14368, 8.28457, 8.47971, 9.55822, 5.57061, 8.89934, 2.48914
7.58863, 1.57487, -3.08175, 1.9397, 0.827289, -0.321268, 3.63, 4.76064, 3.07876, 4.59716, 5.13288, 1.41555, 6.81759, 4.16296, 9.14675, 8.28273, 8.485, 9.55727, 5.57686, 8.8994, 2.49445
7.62093, 1.64502, -3.04469, 1.93987, 0.833413, -0.32561, 3.63341, 4.75872, 3.08656, 4.59095, 5.14808, 1.40519, 6.82547, 4.14798, 9.16125, 8.26961, 8.50564, 9.55013, 5.6004, 8.89648, 2.51462
7.57104, 1.60937, -3.04437, 1.94216, 0.827689, -0.322115, 3.62846, 4.76216, 3.07886, 4.59387, 5.14259, 1.40884, 6.8203, 4.15213, 9.15533, 8.2734, 8.49721, 9.55371, 5.59078, 8.89521, 2.50653
7.39454, 1.61856, -3.03956, 1.94586, 0.829181, -0.321523, 3.62808, 4.76343, 3.08279, 4.59573, 5.1482, 1.40751, 6.82173, 4.14721, 9.16219, 8.27111, 8.51577, 9.55436, 5.6134, 8.89361, 2.527
7.26617, 1.68201, -3.07176, 1.94305, 0.820381, -0.316554, 3.62407, 4.76554, 3.06857, 4.60206, 5.12807, 1.42039, 6.81164, 4.16701, 9.14204, 8.28712, 8.48104, 9.56023, 5.57385, 8.89073, 2.49146
7.13523, 1.57275, -3.06557, 1.93705, 0.813686, -0.314122, 3.62253, 4.76523, 3.05359, 4.60475, 5.11328, 1.42917, 6.805, 4.18189, 9.12636, 8.29777, 8.44807, 9.56181, 5.53457, 8.88796, 2.45734
7.07561, 1.53883, -3.04686, 1.93491, 0.814615, -0.315382, 3.62399, 4.764, 3.05192, 4.60291, 5.11641, 1.42716, 6.80694, 4.17936, 9.12896, 8.29486, 8.4486, 9.55892, 5.53451, 8.88646, 2.45739
7.01459, 1.53115, -3.06116, 1.93735, 0.814645, -0.314529, 3.62308, 4.76519, 3.05441, 4.60417, 5.1164, 1.42766, 6.80642, 4.17923, 9.12945, 8.2956, 8.45296, 9.56084, 5.54053, 8.88768, 2.46191
6.86091, 1.53933, -3.07676, 1.93408, 0.810138, -0.31247, 3.62168, 4.76571, 3.04121, 4.60592, 5.10896, 1.43278, 6.80246, 4.18707, 9.12136, 8.3011, 8.43492, 9.56155, 5.51898, 8.88592, 2.4431
6.78958, 1.57636, -3.0924, 1.93972, 0.805997, -0.307983, 3.61669, 4.77021, 3.03929, 4.61182, 5.10227, 1.43853, 6.79673, 4.19265, 9.11611, 8.30807, 8.43657, 9.56876, 5.5231, 8.88814, 2.44605
6.63279, 1.65344, -3.08205, 1.94636, 0.7936, -0.297547, 3.60715, 4.77704, 3.02056, 4.62347, 5.08027, 1.45545, 6.78259, 4.21511, 9.09404, 8.32806, 8.40357, 9.58226, 5.48654, 8.88682, 2.41235
6.52922, 1.3584, -3.08252, 1.95216, 0.771053, -0.279271, 3.59345, 4.78693, 2.97834, 4.64347, 5.04029, 1.48763, 6.75873, 4.25946, 9.05253, 8.36508, 8.32961, 9.60332, 5.40321, 8.88327, 2.3338
6.44658, 1.35019, -3.06925, 1.95546, 0.762683, -0.271822, 3.58812, 4.79054, 2.96597, 4.65266, 5.01776, 1.50349, 6.74732, 4.28292, 9.0302, 8.38512, 8.29358, 9.61395, 5.36301, 8.88115, 2.29658
6.47913, 1.42808, -3.08563, 1.95387, 0.770467, -0.278687, 3.59241, 4.787, 2.97831, 4.64408, 5.03561, 1.4896, 6.75675, 4.26333, 9.04784, 8.36828, 8.32192, 9.60435, 5.39438, 8.87867, 2.32653
6.18279, 1.45145, -3.06973, 1.95496, 0.762462, -0.272813, 3.5873, 4.79065, 2.963, 4.65066, 5.02003, 1.50078, 6.74758, 4.2788, 9.0324, 8.38149, 8.29749, 9.61132, 5.36732, 8.8778, 2.30131
6.13753, 1.41037, -3.09002, 1.95008, 0.761644, -0.275834, 3.58661, 4.79019, 2.96406, 4.64758, 5.02272, 1.49606, 6.74771, 4.27162, 9.03605, 8.37582, 8.30932, 9.60773, 5.38163, 8.8812, 2.31452
6.06248, 1.46598, -3.0912, 1.94891, 0.761439, -0.275923, 3.58659, 4.79059, 2.96201, 4.64761, 5.02214, 1.49629, 6.74728, 4.27151, 9.03606, 8.37599, 8.31154, 9.60754, 5.38455, 8.883, 2.31722
5.90409, 1.30917, -3.09863, 1.9474, 0.762507, -0.277822, 3.58729, 4.79004, 2.96325, 4.64509, 5.03135, 1.49066, 6.75069, 4.26206, 9.04495, 8.36801, 8.32591, 9.6038, 5.40051, 8.88371, 2.33214
5.86847, 1.4007, -3.0889, 1.94551, 0.757327, -0.275422, 3.58414, 4.79177, 2.95802, 4.64925, 5.01733, 1.49837, 6.74339, 4.27343, 9.0324, 8.3784, 8.31198, 9.60872, 5.3861, 8.8867, 2.31883
5.7876, 1.47088, -3.06745, 1.94339, 0.772793, -0.287263, 3.59349, 4.78556, 2.98162, 4.63398, 5.05417, 1.47258, 6.76303, 4.23646, 9.06812, 8.34636, 8.3658, 9.59171, 5.4454, 8.8859, 2.37405
5.68915, 1.35125, -3.05111, 1.94172, 0.77743, -0.291509, 3.59633, 4.78388, 2.98785, 4.62819, 5.07075, 1.46177, 6.77064, 4.2198, 9.08411, 8.33204, 8.39042, 9.5846, 5.47265, 8.8868, 2.39927
5.61522, 1.42055, -3.08645, 1.94464, 0.761917, -0.280429, 3.58634, 4.79004, 2.96371, 4.64135, 5.04074, 1.48318, 6.75307, 4.24987, 9.05406, 8.35777, 8.34256, 9.59869, 5.41932, 8.88397, 2.3499
5.71632, 1.29597, 2.96177, 2.19039, 0.747034, 0.000623018, 3.59124, 5.05648, 2.91671, 4.9297, 4.98843, 1.79493, 6.735, 4.58414, 9.00278, 8.68055, 8.24573, 9.89375, 5.30925, 9.13978, 2.24859
5.33941, 0.529323, -4.14484, 1.97549, 0.260041, -0.0127684, 3.2384, 5.00641, 2.20659, 5.04256, 4.22883, 2.05652, 6.20218, 5.01769, 8.24962, 9.03408, 7.16449, 10.0141, 4.1201, 9.05463, 1.09535
5.23455, 0.359681, -3.977, 1.96562, 0.219441, 0.0300037, 3.21604, 5.08743, 2.05772, 5.2685, 4.00207, 2.44272, 6.09456, 5.69256, 7.90505, 9.78643, 6.23834, 10.6062, 2.75692, 9.48563, 0.451172
5.11061, 0.423648, 2.01689, 1.98183, 0.194934, 0.0537292, 3.20591, 5.09391, 2.04994, 5.26852, 3.94957, 2.40979, 6.08971, 5.3341, 8.07324, 9.20312, 7.057, 10.0293, 4.25652, 8.97288, 0.546337
5.01385, 0.47908, 1.81805, 1.9828, 0.1956, 0.0545689, 3.20695, 5.09423, 2.05122, 5.26863, 3.95405, 2.39984, 6.09226, 5.30928, 8.08565, 9.17136, 7.09921, 10.0014, 4.32652, 8.94994, 0.540049
5.10963, 0.598205, 1.39299, 1.98584, 0.188175, 0.060835, 3.20277, 5.09837, 2.03514, 5.25973, 3.97999, 2.35078, 6.09646, 5.2505, 8.10459, 9.12716, 7.1321, 9.98023, 4.35437, 8.94018, 0.551852
5.13967, 0.886331, 1.5234, 2.00543, 0.345761, 0.0503147, 3.33265, 5.1279, 2.25066, 5.3226, 4.16484, 2.27709, 6.22025, 5.20868, 8.23913, 9.16826, 7.19803, 10.0548, 4.4337, 8.98877, 0.295996
5.16342, 0.874007, 1.43695, 2.01387, 0.333872, 0.0623075, 3.32002, 5.13046, 2.20599, 5.31704, 4.14676, 2.24559, 6.21156, 4.87958, 8.42099, 8.79521, 7.58635, 9.88414, 4.43403, 8.97597, 0.540871
5.052, 1.11499, 1.4864, 2.015, 0.328928, 0.062849, 3.31327, 5.12779, 2.18894, 5.31355, 4.12338, 2.24487, 6.19697, 4.82076, 8.43591, 8.71979, 7.64132, 9.84247, 4.4397, 8.96662, 0.605951
5.07178, 1.18567, 1.42687, 2.01656, 0.329685, 0.0669028, 3.31802, 5.13254, 2.19956, 5.30899, 4.18682, 2.21944, 6.23945, 4.80603, 8.48632, 8.7249, 7.68705, 9.85613, 4.4577, 8.9827, 0.510414
5.16201, 1.10652, 1.52372, 2.01789, 0.319342, 0.0696172, 3.30772, 5.12956, 2.18136, 5.30846, 4.1829, 2.22167, 6.23774, 4.76078, 8.52012, 8.67272, 7.75793, 9.83521, 4.44052, 8.9836, 0.556782
5.10866, 1.30587, 1.48484, 2.02045, 0.31953, 0.0766997, 3.31397, 5.13723, 2.18763, 5.30927, 4.22453, 2.18869, 6.26642, 4.62422, 8.62798, 8.53426, 7.94315, 9.77918, 4.4521, 8.99064, 0.567013
5.20482, 1.424, 1.46708, 2.02109, 0.312477, 0.0785314, 3.30746, 5.13537, 2.17691, 5.31113, 4.21809, 2.19093, 6.26271, 4.58414, 8.65511, 8.48735, 8.00309, 9.75958, 4.43659, 8.99028, 0.611524
5.09472, 1.60932, 1.47331, 2.02508, 0.313386, 0.0842111, 3.30913, 5.14066, 2.16272, 5.30491, 4.20257, 2.20146, 6.25192, 4.61119, 8.62858, 8.51216, 7.96248, 9.76994, 4.43107, 8.99139, 0.625427
5.13027, 1.66338, 1.43835, 2.02407, 0.304689, 0.0855681, 3.30521, 5.13909, 2.16495, 5.30959, 4.21331, 2.19958, 6.25932, 4.59694, 8.65119, 8.50046, 7.99704, 9.76921, 4.421, 8.9954, 0.623013
5.04223, 1.85661, 1.40579, 2.02339, 0.294052, 0.0860081, 3.2957, 5.13482, 2.14876, 5.30666, 4.2, 2.2187, 6.2503, 4.66148, 8.61342, 8.56804, 7.92867, 9.80154, 4.40103, 8.99751, 0.619532
5.21834, 1.83053, 1.47167, 2.022, 0.278397, 0.0847852, 3.27654, 5.12559, 2.10647, 5.29491, 4.16122, 2.26023, 6.22411, 4.78613, 8.531, 8.69368, 7.78975, 9.85888, 4.36027, 8.99735, 0.637998
5.08034, 1.91019, 1.44357, 2.02869, 0.272506, 0.0959557, 3.28086, 5.13429, 2.12309, 5.30655, 4.19215, 2.23258, 6.24622, 4.6822, 8.60606, 8.58687, 7.91847, 9.81301, 4.38497, 9.00448, 0.624779
5.12892, 1.95155, 1.44713, 2.01062, 0.250069, 0.0737738, 3.25238, 5.10537, 2.10334, 5.28995, 4.16658, 2.23662, 6.23005, 4.69581, 8.57886, 8.5873, 7.89773, 9.79496, 4.39244, 8.98185, 0.628541
5.2637, 2.1516, 1.52993, 2.02572, 0.259351, 0.0986416, 3.26923, 5.13207, 2.11115, 5.31166, 4.16107, 2.25434, 6.22716, 4.71097, 8.5785, 8.60614, 7.88831, 9.81782, 4.36391, 9.00116, 0.660349
5.25008, 2.08038, 1.50871, 2.03555, 0.270273, 0.111746, 3.28818, 5.14914, 2.15062, 5.33698, 4.19319, 2.22141, 6.24957, 4.56231, 8.68096, 8.45328, 8.06745, 9.75563, 4.3826, 9.00953, 0.685386
5.24005, 2.22496, 1.50167, 2.04433, 0.275719, 0.121869, 3.29651, 5.15772, 2.15496, 5.34055, 4.18717, 2.50212, 6.213, 4.7837, 8.62955, 8.56293, 8.05642, 9.79302, 4.36213, 9.02314, 0.726649
5.35454, 2.26027, 1.521, 2.05128, 0.278235, 0.130247, 3.30092, 5.16495, 2.1626, 5.34809, 4.18491, 2.60773, 6.19984, 4.85711, 8.62276, 8.59644, 8.07243, 9.80961, 4.33867, 9.03363, 0.762093
5.29759, 2.45488, 1.49927, 2.0611, 0.291522, 0.142364, 3.31794, 5.18093, 2.18597, 5.36157, 4.19452, 2.54947, 6.21146, 4.7712, 8.66666, 8.53356, 8.13034, 9.79412, 4.33157, 9.04232, 0.787434
5.28123, 2.68903, 1.46355, 2.06695, 0.292873, 0.149442, 3.32142, 5.18706, 2.18653, 5.35654, 4.19464, 2.51185, 6.21554, 4.79512, 8.64418, 8.58731, 8.06338, 9.82935, 4.31517, 9.05083, 0.769588
5.22624, 2.66976, 1.46049, 2.07203, 0.289162, 0.155673, 3.31876, 5.18988, 2.17777, 5.35033, 4.1905, 2.52487, 6.2121, 4.85516, 8.61416, 8.65484, 8.00114, 9.86644, 4.29498, 9.0593, 0.761533
5.3497, 2.75793, 1.49591, 2.07172, 0.283497, 0.156432, 3.31926, 5.18951, 2.19057, 5.35516, 4.20288, 2.51491, 6.22022, 4.79763, 8.64904, 8.58697, 8.0715, 9.82948, 4.32277, 9.05624, 0.747535
5.32788, 2.94722, 1.47319, 2.07709, 0.285468, 0.163509, 3.32249, 5.1958, 2.18752, 5.35274, 4.18879, 2.45553, 6.21864, 4.84752, 8.60122, 8.6889, 7.94433, 9.8949, 4.27679, 9.06677, 0.744416
5.3438, 3.04819, 1.49109, 2.07677, 0.279167, 0.165484, 3.32457, 5.19675, 2.20401, 5.3632, 4.18844, 2.42492, 6.22157, 4.80507, 8.61739, 8.65428, 7.97008, 9.87989, 4.28076, 9.06546, 0.743658
5.32408, 3.0277, 1.47339, 2.07562, 0.279993, 0.163738, 3.32275, 5.19514, 2.19945, 5.36369, 4.18607, 2.43333, 6.21958, 4.80566, 8.62035, 8.65153, 7.97876, 9.87894, 4.27428, 9.06475, 0.757133
5.35057, 3.23681, 1.45857, 2.08394, 0.272055, 0.174869, 3.31706, 5.20002, 2.18241, 5.36427, 4.16537, 2.45708, 6.20405, 6.09021, 8.08498, 9.44081, 7.60265, 10.0831, 4.22244, 9.08371, 0.767199
5.31815, 3.30642, 1.49171, 2.09691, 0.272936, 0.190048, 3.32024, 5.21114, 2.17695, 5.36561, 4.15107, 2.48647, 6.18782, 6.03432, 8.04753, 9.8332, 7.16688, 10.3983, 4.09069, 9.11425, 0.78613
5.34369, 3.34951, 1.45987, 2.09677, 0.27578, 0.190095, 3.32026, 5.21198, 2.16828, 5.36309, 4.14064, 2.49948, 6.18119, 5.80889, 8.09798, 9.82609, 7.08117, 10.4521, 4.08305, 9.1167, 0.783092
5.35462, 3.46384, 1.47117, 2.10386, 0.284135, 0.197446, 3.3261, 5.22, 2.16371, 5.35762, 4.13503, 2.49135, 6.1766, 5.71498, 8.09667, 9.82086, 7.10697, 10.443, 3.99972, 9.13311, 0.783931
5.38092, 3.56422, 1.49966, 2.11005, 0.282835, 0.205031, 3.32373, 5.22412, 2.15388, 5.36028, 4.12256, 2.50109, 6.1675, 5.68533, 8.07761, 9.87843, 7.10728, 10.4678, 3.90985, 9.14919, 0.816884
5.40976, 3.62161, 1.53346, 2.10904, 0.292436, 0.203247, 3.32809, 5.22601, 2.14857, 5.3553, 4.11569, 2.4911, 6.16525, 5.60204, 8.10863, 9.82751, 7.08972, 10.4663, 3.88611, 9.15163, 0.814315
5.43966, 3.7978, 1.55942, 2.11216, 0.299079, 0.205736, 3.33271, 5.23004, 2.15147, 5.35866, 4.12007, 2.46014, 6.16847, 5.60105, 8.08808, 9.89003, 7.09131, 10.4855, 3.82914, 9.16024, 0.826395
5.48236, 3.75717, 1.54892, 2.10414, 0.301657, 0.195839, 3.33227, 5.22376, 2.1539, 5.3601, 4.1258, 2.45484, 6.17346, 5.62022, 8.09268, 9.8204, 7.15369, 10.4309, 3.89738, 9.1444, 0.822223
5.47222, 3.93361, 1.5535, 2.10064, 0.296707, 0.191713, 3.32718, 5.21861, 2.15083, 5.35865, 4.13083, 2.45864, 6.17682, 5.55218, 8.10186, 9.7704, 7.2141, 10.3917, 3.95741, 9.13438, 0.8168
5.47388, 4.03365, 1.55527, 2.10064, 0.296707, 0.191713, 3.32718, 5.21861, 2.15083, 5.35865, 4.13083, 2.45864, 6.17682, 5.55217, 8.10187, 9.7704, 7.21411, 10.3917, 3.95741, 9.13438, 0.8168
