type,from ,to ,m1 ,m2 ,m3 ,i1 ,i2 ,i3 ,i4 ,i5 ,i6 ,i7 ,i8 ,i9 ,fromIdx ,toIdx
80,100 ,101 ,0.112639 ,0.0236656 ,-1.57066 ,100 ,0 ,0 ,0 ,100 ,0 ,0 ,0 ,1000 ,73 ,76
76,101 ,4 ,0.0506482 ,0.357701 ,-999.95 ,100 ,0 ,0 ,100 ,-999.95 ,-999.95 ,-999.95 ,-999.95 ,-999.95 ,76 ,3
76,101 ,9 ,2.14422 ,2.15998 ,-999.95 ,100 ,0 ,0 ,100 ,-999.95 ,-999.95 ,-999.95 ,-999.95 ,-999.95 ,76 ,7
76,101 ,16 ,1.64059 ,3.7969 ,-999.95 ,100 ,0 ,0 ,100 ,-999.95 ,-999.95 ,-999.95 ,-999.95 ,-999.95 ,76 ,11
76,101 ,50 ,3.04523 ,-3.32967 ,-999.95 ,100 ,0 ,0 ,100 ,-999.95 ,-999.95 ,-999.95 ,-999.95 ,-999.95 ,76 ,25
76,101 ,53 ,2.15434 ,-2.80136 ,-999.95 ,100 ,0 ,0 ,100 ,-999.95 ,-999.95 ,-999.95 ,-999.95 ,-999.95 ,76 ,27
76,101 ,64 ,2.08673 ,2.18691 ,-999.95 ,100 ,0 ,0 ,100 ,-999.95 ,-999.95 ,-999.95 ,-999.95 ,-999.95 ,76 ,39
76,101 ,68 ,0.0231793 ,-0.546656 ,-999.95 ,100 ,0 ,0 ,100 ,-999.95 ,-999.95 ,-999.95 ,-999.95 ,-999.95 ,76 ,43
76,101 ,78 ,0.422709 ,4.79759 ,-999.95 ,100 ,0 ,0 ,100 ,-999.95 ,-999.95 ,-999.95 ,-999.95 ,-999.95 ,76 ,55
76,101 ,88 ,1.36693 ,-0.29157 ,-999.95 ,100 ,0 ,0 ,100 ,-999.95 ,-999.95 ,-999.95 ,-999.95 ,-999.95 ,76 ,63
80,101 ,102 ,0.986418 ,0.101455 ,-0.0373695 ,100 ,0 ,0 ,0 ,100 ,0 ,0 ,0 ,1000 ,76 ,79
76,102 ,9 ,1.15143 ,2.14229 ,-999.95 ,100 ,0 ,0 ,100 ,-999.95 ,-999.95 ,-999.95 ,-999.95 ,-999.95 ,79 ,7
76,102 ,16 ,0.742774 ,3.71252 ,-999.95 ,100 ,0 ,0 ,100 ,-999.95 ,-999.95 ,-999.95 ,-999.95 ,-999.95 ,79 ,11
76,102 ,50 ,2.0596 ,-3.21142 ,-999.95 ,100 ,0 ,0 ,100 ,-999.95 ,-999.95 ,-999.95 ,-999.95 ,-999.95 ,79 ,25
76,102 ,53 ,0.700505 ,-2.56365 ,-999.95 ,100 ,0 ,0 ,100 ,-999.95 ,-999.95 ,-999.95 ,-999.95 ,-999.95 ,79 ,27
76,102 ,64 ,1.24665 ,2.19028 ,-999.95 ,100 ,0 ,0 ,100 ,-999.95 ,-999.95 ,-999.95 ,-999.95 ,-999.95 ,79 ,39
76,102 ,88 ,0.282219 ,-0.288983 ,-999.95 ,100 ,0 ,0 ,100 ,-999.95 ,-999.95 ,-999.95 ,-999.95 ,-999.95 ,79 ,63
80,102 ,103 ,-0.366915 ,-0.0657987 ,1.55688 ,100 ,0 ,0 ,0 ,100 ,0 ,0 ,0 ,1000 ,79 ,82
76,103 ,4 ,0.250282 ,1.00162 ,-999.95 ,100 ,0 ,0 ,100 ,-999.95 ,-999.95 ,-999.95 ,-999.95 ,-999.95 ,82 ,3
76,103 ,9 ,2.13561 ,-0.993277 ,-999.95 ,100 ,0 ,0 ,100 ,-999.95 ,-999.95 ,-999.95 ,-999.95 ,-999.95 ,82 ,7
76,103 ,16 ,3.64958 ,-0.605277 ,-999.95 ,100 ,0 ,0 ,100 ,-999.95 ,-999.95 ,-999.95 ,-999.95 ,-999.95 ,82 ,11
76,103 ,64 ,2.30961 ,-1.31597 ,-999.95 ,100 ,0 ,0 ,100 ,-999.95 ,-999.95 ,-999.95 ,-999.95 ,-999.95 ,82 ,39
76,103 ,78 ,4.95674 ,0.728739 ,-999.95 ,100 ,0 ,0 ,100 ,-999.95 ,-999.95 ,-999.95 ,-999.95 ,-999.95 ,82 ,55
80,103 ,104 ,0.974291 ,-0.0784443 ,0.000188187 ,100 ,0 ,0 ,0 ,100 ,0 ,0 ,0 ,1000 ,82 ,85
76,104 ,9 ,1.13303 ,-1.13539 ,-999.95 ,100 ,0 ,0 ,100 ,-999.95 ,-999.95 ,-999.95 ,-999.95 ,-999.95 ,85 ,7
76,104 ,16 ,2.67387 ,-0.689828 ,-999.95 ,100 ,0 ,0 ,100 ,-999.95 ,-999.95 ,-999.95 ,-999.95 ,-999.95 ,85 ,11
76,104 ,38 ,1.43623 ,-4.46509 ,-999.95 ,100 ,0 ,0 ,100 ,-999.95 ,-999.95 ,-999.95 ,-999.95 ,-999.95 ,85 ,19
76,104 ,64 ,1.24753 ,-1.28806 ,-999.95 ,100 ,0 ,0 ,100 ,-999.95 ,-999.95 ,-999.95 ,-999.95 ,-999.95 ,85 ,39
76,104 ,78 ,3.91773 ,0.602721 ,-999.95 ,100 ,0 ,0 ,100 ,-999.95 ,-999.95 ,-999.95 ,-999.95 ,-999.95 ,85 ,55
80,104 ,105 ,0.892991 ,-0.0918324 ,-0.0519822 ,100 ,0 ,0 ,0 ,100 ,0 ,0 ,0 ,1000 ,85 ,88
76,105 ,9 ,0.334295 ,-1.04879 ,-999.95 ,100 ,0 ,0 ,100 ,-999.95 ,-999.95 ,-999.95 ,-999.95 ,-999.95 ,88 ,7
76,105 ,16 ,1.56583 ,-0.667554 ,-999.95 ,100 ,0 ,0 ,100 ,-999.95 ,-999.95 ,-999.95 ,-999.95 ,-999.95 ,88 ,11
76,105 ,38 ,0.353493 ,-4.33313 ,-999.95 ,100 ,0 ,0 ,100 ,-999.95 ,-999.95 ,-999.95 ,-999.95 ,-999.95 ,88 ,19
76,105 ,64 ,0.138794 ,-1.37616 ,-999.95 ,100 ,0 ,0 ,100 ,-999.95 ,-999.95 ,-999.95 ,-999.95 ,-999.95 ,88 ,39
76,105 ,78 ,3.03236 ,0.598071 ,-999.95 ,100 ,0 ,0 ,100 ,-999.95 ,-999.95 ,-999.95 ,-999.95 ,-999.95 ,88 ,55
80,105 ,106 ,0.927972 ,-0.031735 ,-0.00429502 ,100 ,0 ,0 ,0 ,100 ,0 ,0 ,0 ,1000 ,88 ,91
76,106 ,16 ,0.611426 ,-0.777877 ,-999.95 ,100 ,0 ,0 ,100 ,-999.95 ,-999.95 ,-999.95 ,-999.95 ,-999.95 ,91 ,11
76,106 ,61 ,3.1932 ,2.61977 ,-999.95 ,100 ,0 ,0 ,100 ,-999.95 ,-999.95 ,-999.95 ,-999.95 ,-999.95 ,91 ,37
76,106 ,74 ,4.62235 ,-0.184755 ,-999.95 ,100 ,0 ,0 ,100 ,-999.95 ,-999.95 ,-999.95 ,-999.95 ,-999.95 ,91 ,49
76,106 ,78 ,2.02766 ,0.438725 ,-999.95 ,100 ,0 ,0 ,100 ,-999.95 ,-999.95 ,-999.95 ,-999.95 ,-999.95 ,91 ,55
76,106 ,94 ,1.42853 ,4.56164 ,-999.95 ,100 ,0 ,0 ,100 ,-999.95 ,-999.95 ,-999.95 ,-999.95 ,-999.95 ,91 ,71
80,106 ,107 ,1.11985 ,-0.0172724 ,0.0267029 ,100 ,0 ,0 ,0 ,100 ,0 ,0 ,0 ,1000 ,91 ,94
76,107 ,1 ,4.80113 ,-0.850361 ,-999.95 ,100 ,0 ,0 ,100 ,-999.95 ,-999.95 ,-999.95 ,-999.95 ,-999.95 ,94 ,1
76,107 ,34 ,3.93649 ,-2.11931 ,-999.95 ,100 ,0 ,0 ,100 ,-999.95 ,-999.95 ,-999.95 ,-999.95 ,-999.95 ,94 ,17
76,107 ,61 ,2.11815 ,2.49502 ,-999.95 ,100 ,0 ,0 ,100 ,-999.95 ,-999.95 ,-999.95 ,-999.95 ,-999.95 ,94 ,37
76,107 ,67 ,4.11844 ,0.351219 ,-999.95 ,100 ,0 ,0 ,100 ,-999.95 ,-999.95 ,-999.95 ,-999.95 ,-999.95 ,94 ,41
76,107 ,74 ,3.64663 ,-0.246854 ,-999.95 ,100 ,0 ,0 ,100 ,-999.95 ,-999.95 ,-999.95 ,-999.95 ,-999.95 ,94 ,49
76,107 ,78 ,1.03798 ,0.509298 ,-999.95 ,100 ,0 ,0 ,100 ,-999.95 ,-999.95 ,-999.95 ,-999.95 ,-999.95 ,94 ,55
76,107 ,94 ,0.116959 ,4.48648 ,-999.95 ,100 ,0 ,0 ,100 ,-999.95 ,-999.95 ,-999.95 ,-999.95 ,-999.95 ,94 ,71
80,107 ,108 ,1.0653 ,-0.103804 ,0.0165841 ,100 ,0 ,0 ,0 ,100 ,0 ,0 ,0 ,1000 ,94 ,97
76,108 ,1 ,3.96289 ,-0.938155 ,-999.95 ,100 ,0 ,0 ,100 ,-999.95 ,-999.95 ,-999.95 ,-999.95 ,-999.95 ,97 ,1
76,108 ,34 ,2.93785 ,-1.82216 ,-999.95 ,100 ,0 ,0 ,100 ,-999.95 ,-999.95 ,-999.95 ,-999.95 ,-999.95 ,97 ,17
76,108 ,61 ,1.35619 ,2.68729 ,-999.95 ,100 ,0 ,0 ,100 ,-999.95 ,-999.95 ,-999.95 ,-999.95 ,-999.95 ,97 ,37
76,108 ,67 ,3.31514 ,0.262478 ,-999.95 ,100 ,0 ,0 ,100 ,-999.95 ,-999.95 ,-999.95 ,-999.95 ,-999.95 ,97 ,41
76,108 ,74 ,2.44998 ,-0.0423869 ,-999.95 ,100 ,0 ,0 ,100 ,-999.95 ,-999.95 ,-999.95 ,-999.95 ,-999.95 ,97 ,49
80,108 ,109 ,0.913077 ,0.193701 ,0.00911802 ,100 ,0 ,0 ,0 ,100 ,0 ,0 ,0 ,1000 ,97 ,100
76,109 ,1 ,2.70897 ,-0.850427 ,-999.95 ,100 ,0 ,0 ,100 ,-999.95 ,-999.95 ,-999.95 ,-999.95 ,-999.95 ,100 ,1
76,109 ,34 ,1.8466 ,-1.98832 ,-999.95 ,100 ,0 ,0 ,100 ,-999.95 ,-999.95 ,-999.95 ,-999.95 ,-999.95 ,100 ,17
76,109 ,55 ,3.52228 ,-3.60118 ,-999.95 ,100 ,0 ,0 ,100 ,-999.95 ,-999.95 ,-999.95 ,-999.95 ,-999.95 ,100 ,31
76,109 ,61 ,-0.102777 ,2.45715 ,-999.95 ,100 ,0 ,0 ,100 ,-999.95 ,-999.95 ,-999.95 ,-999.95 ,-999.95 ,100 ,37
76,109 ,67 ,2.32067 ,0.440339 ,-999.95 ,100 ,0 ,0 ,100 ,-999.95 ,-999.95 ,-999.95 ,-999.95 ,-999.95 ,100 ,41
76,109 ,74 ,1.69247 ,-0.345207 ,-999.95 ,100 ,0 ,0 ,100 ,-999.95 ,-999.95 ,-999.95 ,-999.95 ,-999.95 ,100 ,49
80,109 ,110 ,-0.0900247 ,-0.0483525 ,1.56158 ,100 ,0 ,0 ,0 ,100 ,0 ,0 ,0 ,1000 ,100 ,103
76,110 ,61 ,2.74698 ,-0.29625 ,-999.95 ,100 ,0 ,0 ,100 ,-999.95 ,-999.95 ,-999.95 ,-999.95 ,-999.95 ,103 ,37
76,110 ,67 ,0.432055 ,-2.3007 ,-999.95 ,100 ,0 ,0 ,100 ,-999.95 ,-999.95 ,-999.95 ,-999.95 ,-999.95 ,103 ,41
76,110 ,78 ,0.46364 ,1.17535 ,-999.95 ,100 ,0 ,0 ,100 ,-999.95 ,-999.95 ,-999.95 ,-999.95 ,-999.95 ,103 ,55
76,110 ,94 ,4.53062 ,1.82075 ,-999.95 ,100 ,0 ,0 ,100 ,-999.95 ,-999.95 ,-999.95 ,-999.95 ,-999.95 ,103 ,71
80,110 ,111 ,0.0239507 ,0.070007 ,1.58291 ,100 ,0 ,0 ,0 ,100 ,0 ,0 ,0 ,1000 ,103 ,106
76,111 ,9 ,3.79458 ,1.08368 ,-999.95 ,100 ,0 ,0 ,100 ,-999.95 ,-999.95 ,-999.95 ,-999.95 ,-999.95 ,106 ,7
76,111 ,16 ,2.35686 ,0.793858 ,-999.95 ,100 ,0 ,0 ,100 ,-999.95 ,-999.95 ,-999.95 ,-999.95 ,-999.95 ,106 ,11
76,111 ,64 ,3.553 ,1.19804 ,-999.95 ,100 ,0 ,0 ,100 ,-999.95 ,-999.95 ,-999.95 ,-999.95 ,-999.95 ,106 ,39
76,111 ,78 ,1.22869 ,-0.430377 ,-999.95 ,100 ,0 ,0 ,100 ,-999.95 ,-999.95 ,-999.95 ,-999.95 ,-999.95 ,106 ,55
76,111 ,94 ,1.66361 ,-4.56093 ,-999.95 ,100 ,0 ,0 ,100 ,-999.95 ,-999.95 ,-999.95 ,-999.95 ,-999.95 ,106 ,71
80,111 ,112 ,0.823693 ,0.0530558 ,0.0139944 ,100 ,0 ,0 ,0 ,100 ,0 ,0 ,0 ,1000 ,106 ,109
76,112 ,4 ,4.69484 ,-0.931923 ,-999.95 ,100 ,0 ,0 ,100 ,-999.95 ,-999.95 ,-999.95 ,-999.95 ,-999.95 ,109 ,3
76,112 ,9 ,2.73562 ,0.943596 ,-999.95 ,100 ,0 ,0 ,100 ,-999.95 ,-999.95 ,-999.95 ,-999.95 ,-999.95 ,109 ,7
76,112 ,16 ,1.18424 ,0.678194 ,-999.95 ,100 ,0 ,0 ,100 ,-999.95 ,-999.95 ,-999.95 ,-999.95 ,-999.95 ,109 ,11
76,112 ,64 ,2.91644 ,1.18894 ,-999.95 ,100 ,0 ,0 ,100 ,-999.95 ,-999.95 ,-999.95 ,-999.95 ,-999.95 ,109 ,39
76,112 ,78 ,-0.0624059 ,-0.487601 ,-999.95 ,100 ,0 ,0 ,100 ,-999.95 ,-999.95 ,-999.95 ,-999.95 ,-999.95 ,109 ,55
76,112 ,94 ,0.830293 ,-4.55726 ,-999.95 ,100 ,0 ,0 ,100 ,-999.95 ,-999.95 ,-999.95 ,-999.95 ,-999.95 ,109 ,71
80,112 ,113 ,0.901845 ,-0.00522833 ,0.076932 ,100 ,0 ,0 ,0 ,100 ,0 ,0 ,0 ,1000 ,109 ,112
76,113 ,4 ,3.59292 ,-1.22968 ,-999.95 ,100 ,0 ,0 ,100 ,-999.95 ,-999.95 ,-999.95 ,-999.95 ,-999.95 ,112 ,3
76,113 ,9 ,1.77548 ,1.05941 ,-999.95 ,100 ,0 ,0 ,100 ,-999.95 ,-999.95 ,-999.95 ,-999.95 ,-999.95 ,112 ,7
76,113 ,16 ,0.184329 ,0.583824 ,-999.95 ,100 ,0 ,0 ,100 ,-999.95 ,-999.95 ,-999.95 ,-999.95 ,-999.95 ,112 ,11
76,113 ,38 ,1.67765 ,4.27934 ,-999.95 ,100 ,0 ,0 ,100 ,-999.95 ,-999.95 ,-999.95 ,-999.95 ,-999.95 ,112 ,19
76,113 ,64 ,1.74072 ,1.11739 ,-999.95 ,100 ,0 ,0 ,100 ,-999.95 ,-999.95 ,-999.95 ,-999.95 ,-999.95 ,112 ,39
76,113 ,68 ,4.47304 ,-0.96237 ,-999.95 ,100 ,0 ,0 ,100 ,-999.95 ,-999.95 ,-999.95 ,-999.95 ,-999.95 ,112 ,43
76,113 ,88 ,4.24798 ,0.30929 ,-999.95 ,100 ,0 ,0 ,100 ,-999.95 ,-999.95 ,-999.95 ,-999.95 ,-999.95 ,112 ,63
80,113 ,114 ,0.0265233 ,0.136752 ,1.53797 ,100 ,0 ,0 ,0 ,100 ,0 ,0 ,0 ,1000 ,112 ,115
76,114 ,1 ,0.892507 ,4.78098 ,-999.95 ,100 ,0 ,0 ,100 ,-999.95 ,-999.95 ,-999.95 ,-999.95 ,-999.95 ,115 ,1
76,114 ,9 ,1.00828 ,-1.95555 ,-999.95 ,100 ,0 ,0 ,100 ,-999.95 ,-999.95 ,-999.95 ,-999.95 ,-999.95 ,115 ,7
76,114 ,16 ,0.75765 ,-0.232404 ,-999.95 ,100 ,0 ,0 ,100 ,-999.95 ,-999.95 ,-999.95 ,-999.95 ,-999.95 ,115 ,11
76,114 ,34 ,1.98097 ,3.9376 ,-999.95 ,100 ,0 ,0 ,100 ,-999.95 ,-999.95 ,-999.95 ,-999.95 ,-999.95 ,115 ,17
76,114 ,38 ,4.34781 ,-1.47345 ,-999.95 ,100 ,0 ,0 ,100 ,-999.95 ,-999.95 ,-999.95 ,-999.95 ,-999.95 ,115 ,19
76,114 ,64 ,1.09453 ,-1.78152 ,-999.95 ,100 ,0 ,0 ,100 ,-999.95 ,-999.95 ,-999.95 ,-999.95 ,-999.95 ,115 ,39
76,114 ,74 ,0.258633 ,3.50379 ,-999.95 ,100 ,0 ,0 ,100 ,-999.95 ,-999.95 ,-999.95 ,-999.95 ,-999.95 ,115 ,49
76,114 ,88 ,0.268932 ,-4.35508 ,-999.95 ,100 ,0 ,0 ,100 ,-999.95 ,-999.95 ,-999.95 ,-999.95 ,-999.95 ,115 ,63
80,114 ,115 ,-0.0314959 ,0.0215721 ,-1.55836 ,100 ,0 ,0 ,0 ,100 ,0 ,0 ,0 ,1000 ,115 ,118
76,115 ,4 ,3.54533 ,-0.875093 ,-999.95 ,100 ,0 ,0 ,100 ,-999.95 ,-999.95 ,-999.95 ,-999.95 ,-999.95 ,118 ,3
76,115 ,9 ,1.96428 ,1.06771 ,-999.95 ,100 ,0 ,0 ,100 ,-999.95 ,-999.95 ,-999.95 ,-999.95 ,-999.95 ,118 ,7
76,115 ,16 ,0.251742 ,0.65188 ,-999.95 ,100 ,0 ,0 ,100 ,-999.95 ,-999.95 ,-999.95 ,-999.95 ,-999.95 ,118 ,11
76,115 ,38 ,1.61286 ,4.45778 ,-999.95 ,100 ,0 ,0 ,100 ,-999.95 ,-999.95 ,-999.95 ,-999.95 ,-999.95 ,118 ,19
76,115 ,64 ,1.62179 ,1.19605 ,-999.95 ,100 ,0 ,0 ,100 ,-999.95 ,-999.95 ,-999.95 ,-999.95 ,-999.95 ,118 ,39
76,115 ,68 ,4.39685 ,-0.924717 ,-999.95 ,100 ,0 ,0 ,100 ,-999.95 ,-999.95 ,-999.95 ,-999.95 ,-999.95 ,118 ,43
76,115 ,88 ,4.23016 ,0.208377 ,-999.95 ,100 ,0 ,0 ,100 ,-999.95 ,-999.95 ,-999.95 ,-999.95 ,-999.95 ,118 ,63
80,115 ,116 ,1.03432 ,-0.0178211 ,-0.0222138 ,100 ,0 ,0 ,0 ,100 ,0 ,0 ,0 ,1000 ,118 ,121
76,116 ,4 ,2.45942 ,-0.984438 ,-999.95 ,100 ,0 ,0 ,100 ,-999.95 ,-999.95 ,-999.95 ,-999.95 ,-999.95 ,121 ,3
76,116 ,9 ,0.784888 ,1.05782 ,-999.95 ,100 ,0 ,0 ,100 ,-999.95 ,-999.95 ,-999.95 ,-999.95 ,-999.95 ,121 ,7
76,116 ,38 ,0.591497 ,4.40799 ,-999.95 ,100 ,0 ,0 ,100 ,-999.95 ,-999.95 ,-999.95 ,-999.95 ,-999.95 ,121 ,19
76,116 ,64 ,0.744106 ,1.02955 ,-999.95 ,100 ,0 ,0 ,100 ,-999.95 ,-999.95 ,-999.95 ,-999.95 ,-999.95 ,121 ,39
76,116 ,68 ,3.48686 ,-0.941213 ,-999.95 ,100 ,0 ,0 ,100 ,-999.95 ,-999.95 ,-999.95 ,-999.95 ,-999.95 ,121 ,43
76,116 ,88 ,3.30875 ,0.382677 ,-999.95 ,100 ,0 ,0 ,100 ,-999.95 ,-999.95 ,-999.95 ,-999.95 ,-999.95 ,121 ,63
80,116 ,117 ,0.955761 ,0.117263 ,-0.00544246 ,100 ,0 ,0 ,0 ,100 ,0 ,0 ,0 ,1000 ,121 ,124
76,117 ,4 ,1.48902 ,-0.926827 ,-999.95 ,100 ,0 ,0 ,100 ,-999.95 ,-999.95 ,-999.95 ,-999.95 ,-999.95 ,124 ,3
76,117 ,27 ,2.27381 ,-3.80973 ,-999.95 ,100 ,0 ,0 ,100 ,-999.95 ,-999.95 ,-999.95 ,-999.95 ,-999.95 ,124 ,15
76,117 ,53 ,4.78269 ,0.698023 ,-999.95 ,100 ,0 ,0 ,100 ,-999.95 ,-999.95 ,-999.95 ,-999.95 ,-999.95 ,124 ,27
76,117 ,68 ,2.34201 ,-0.894894 ,-999.95 ,100 ,0 ,0 ,100 ,-999.95 ,-999.95 ,-999.95 ,-999.95 ,-999.95 ,124 ,43
76,117 ,88 ,2.19814 ,0.186304 ,-999.95 ,100 ,0 ,0 ,100 ,-999.95 ,-999.95 ,-999.95 ,-999.95 ,-999.95 ,124 ,63
80,117 ,118 ,1.04047 ,-0.00922134 ,-0.0137291 ,100 ,0 ,0 ,0 ,100 ,0 ,0 ,0 ,1000 ,124 ,127
76,118 ,4 ,0.565958 ,-0.907369 ,-999.95 ,100 ,0 ,0 ,100 ,-999.95 ,-999.95 ,-999.95 ,-999.95 ,-999.95 ,127 ,3
76,118 ,27 ,1.36315 ,-3.78562 ,-999.95 ,100 ,0 ,0 ,100 ,-999.95 ,-999.95 ,-999.95 ,-999.95 ,-999.95 ,127 ,15
76,118 ,50 ,3.99183 ,2.00772 ,-999.95 ,100 ,0 ,0 ,100 ,-999.95 ,-999.95 ,-999.95 ,-999.95 ,-999.95 ,127 ,25
76,118 ,53 ,3.75923 ,0.761217 ,-999.95 ,100 ,0 ,0 ,100 ,-999.95 ,-999.95 ,-999.95 ,-999.95 ,-999.95 ,127 ,27
76,118 ,68 ,1.53752 ,-0.943006 ,-999.95 ,100 ,0 ,0 ,100 ,-999.95 ,-999.95 ,-999.95 ,-999.95 ,-999.95 ,127 ,43
76,118 ,77 ,3.89143 ,-3.00879 ,-999.95 ,100 ,0 ,0 ,100 ,-999.95 ,-999.95 ,-999.95 ,-999.95 ,-999.95 ,127 ,53
76,118 ,88 ,1.20038 ,0.139439 ,-999.95 ,100 ,0 ,0 ,100 ,-999.95 ,-999.95 ,-999.95 ,-999.95 ,-999.95 ,127 ,63
80,118 ,119 ,1.05865 ,-0.126561 ,-0.0500724 ,100 ,0 ,0 ,0 ,100 ,0 ,0 ,0 ,1000 ,127 ,130
76,119 ,48 ,1.08986 ,-4.80254 ,-999.95 ,100 ,0 ,0 ,100 ,-999.95 ,-999.95 ,-999.95 ,-999.95 ,-999.95 ,130 ,23
76,119 ,27 ,0.387343 ,-3.6666 ,-999.95 ,100 ,0 ,0 ,100 ,-999.95 ,-999.95 ,-999.95 ,-999.95 ,-999.95 ,130 ,15
76,119 ,50 ,3.25172 ,2.10928 ,-999.95 ,100 ,0 ,0 ,100 ,-999.95 ,-999.95 ,-999.95 ,-999.95 ,-999.95 ,130 ,25
76,119 ,53 ,2.60841 ,0.865697 ,-999.95 ,100 ,0 ,0 ,100 ,-999.95 ,-999.95 ,-999.95 ,-999.95 ,-999.95 ,130 ,27
76,119 ,68 ,0.370099 ,-0.980259 ,-999.95 ,100 ,0 ,0 ,100 ,-999.95 ,-999.95 ,-999.95 ,-999.95 ,-999.95 ,130 ,43
76,119 ,77 ,2.78662 ,-2.97734 ,-999.95 ,100 ,0 ,0 ,100 ,-999.95 ,-999.95 ,-999.95 ,-999.95 ,-999.95 ,130 ,53
76,119 ,88 ,0.214231 ,0.0878748 ,-999.95 ,100 ,0 ,0 ,100 ,-999.95 ,-999.95 ,-999.95 ,-999.95 ,-999.95 ,130 ,63
80,119 ,120 ,0.916697 ,0.112613 ,-0.0227771 ,100 ,0 ,0 ,0 ,100 ,0 ,0 ,0 ,1000 ,130 ,133
76,120 ,48 ,-0.0511639 ,-4.82653 ,-999.95 ,100 ,0 ,0 ,100 ,-999.95 ,-999.95 ,-999.95 ,-999.95 ,-999.95 ,133 ,23
76,120 ,50 ,2.24435 ,2.01096 ,-999.95 ,100 ,0 ,0 ,100 ,-999.95 ,-999.95 ,-999.95 ,-999.95 ,-999.95 ,133 ,25
76,120 ,53 ,1.78252 ,0.584407 ,-999.95 ,100 ,0 ,0 ,100 ,-999.95 ,-999.95 ,-999.95 ,-999.95 ,-999.95 ,133 ,27
76,120 ,77 ,1.63645 ,-2.97623 ,-999.95 ,100 ,0 ,0 ,100 ,-999.95 ,-999.95 ,-999.95 ,-999.95 ,-999.95 ,133 ,53
76,120 ,81 ,4.23657 ,-2.57051 ,-999.95 ,100 ,0 ,0 ,100 ,-999.95 ,-999.95 ,-999.95 ,-999.95 ,-999.95 ,133 ,57
80,120 ,121 ,0.915983 ,-0.119545 ,-0.0219426 ,100 ,0 ,0 ,0 ,100 ,0 ,0 ,0 ,1000 ,133 ,136
76,121 ,50 ,1.26287 ,2.18916 ,-999.95 ,100 ,0 ,0 ,100 ,-999.95 ,-999.95 ,-999.95 ,-999.95 ,-999.95 ,136 ,25
76,121 ,53 ,0.850342 ,0.646895 ,-999.95 ,100 ,0 ,0 ,100 ,-999.95 ,-999.95 ,-999.95 ,-999.95 ,-999.95 ,136 ,27
76,121 ,77 ,0.66039 ,-3.11895 ,-999.95 ,100 ,0 ,0 ,100 ,-999.95 ,-999.95 ,-999.95 ,-999.95 ,-999.95 ,136 ,53
76,121 ,81 ,2.90662 ,-2.55439 ,-999.95 ,100 ,0 ,0 ,100 ,-999.95 ,-999.95 ,-999.95 ,-999.95 ,-999.95 ,136 ,57
80,121 ,122 ,0.0084859 ,0.147815 ,-1.56288 ,100 ,0 ,0 ,0 ,100 ,0 ,0 ,0 ,1000 ,136 ,139
76,122 ,4 ,1.0836 ,-2.48112 ,-999.95 ,100 ,0 ,0 ,100 ,-999.95 ,-999.95 ,-999.95 ,-999.95 ,-999.95 ,139 ,3
76,122 ,48 ,4.8673 ,-1.07206 ,-999.95 ,100 ,0 ,0 ,100 ,-999.95 ,-999.95 ,-999.95 ,-999.95 ,-999.95 ,139 ,23
76,122 ,27 ,3.61691 ,-1.92823 ,-999.95 ,100 ,0 ,0 ,100 ,-999.95 ,-999.95 ,-999.95 ,-999.95 ,-999.95 ,139 ,15
76,122 ,68 ,0.910387 ,-1.41524 ,-999.95 ,100 ,0 ,0 ,100 ,-999.95 ,-999.95 ,-999.95 ,-999.95 ,-999.95 ,139 ,43
76,122 ,77 ,3.23613 ,0.929183 ,-999.95 ,100 ,0 ,0 ,100 ,-999.95 ,-999.95 ,-999.95 ,-999.95 ,-999.95 ,139 ,53
76,122 ,81 ,2.5438 ,3.05444 ,-999.95 ,100 ,0 ,0 ,100 ,-999.95 ,-999.95 ,-999.95 ,-999.95 ,-999.95 ,139 ,57
80,122 ,123 ,1.06569 ,-0.0467337 ,0.0651455 ,100 ,0 ,0 ,0 ,100 ,0 ,0 ,0 ,1000 ,139 ,142
76,123 ,48 ,3.83727 ,-0.86577 ,-999.95 ,100 ,0 ,0 ,100 ,-999.95 ,-999.95 ,-999.95 ,-999.95 ,-999.95 ,142 ,23
76,123 ,27 ,2.80422 ,-1.51717 ,-999.95 ,100 ,0 ,0 ,100 ,-999.95 ,-999.95 ,-999.95 ,-999.95 ,-999.95 ,142 ,15
76,123 ,60 ,4.05722 ,0.152842 ,-999.95 ,100 ,0 ,0 ,100 ,-999.95 ,-999.95 ,-999.95 ,-999.95 ,-999.95 ,142 ,35
76,123 ,77 ,2.05924 ,0.722308 ,-999.95 ,100 ,0 ,0 ,100 ,-999.95 ,-999.95 ,-999.95 ,-999.95 ,-999.95 ,142 ,53
76,123 ,81 ,1.56525 ,3.09345 ,-999.95 ,100 ,0 ,0 ,100 ,-999.95 ,-999.95 ,-999.95 ,-999.95 ,-999.95 ,142 ,57
80,123 ,124 ,-0.00482788 ,-0.153128 ,-1.55837 ,100 ,0 ,0 ,0 ,100 ,0 ,0 ,0 ,1000 ,142 ,145
76,124 ,4 ,2.19333 ,-0.274996 ,-999.95 ,100 ,0 ,0 ,100 ,-999.95 ,-999.95 ,-999.95 ,-999.95 ,-999.95 ,145 ,3
76,124 ,9 ,4.27375 ,-2.06693 ,-999.95 ,100 ,0 ,0 ,100 ,-999.95 ,-999.95 ,-999.95 ,-999.95 ,-999.95 ,145 ,7
76,124 ,48 ,0.979423 ,3.92239 ,-999.95 ,100 ,0 ,0 ,100 ,-999.95 ,-999.95 ,-999.95 ,-999.95 ,-999.95 ,145 ,23
76,124 ,27 ,1.66018 ,2.78256 ,-999.95 ,100 ,0 ,0 ,100 ,-999.95 ,-999.95 ,-999.95 ,-999.95 ,-999.95 ,145 ,15
76,124 ,64 ,4.27304 ,-2.21008 ,-999.95 ,100 ,0 ,0 ,100 ,-999.95 ,-999.95 ,-999.95 ,-999.95 ,-999.95 ,145 ,39
76,124 ,68 ,1.63134 ,-0.145572 ,-999.95 ,100 ,0 ,0 ,100 ,-999.95 ,-999.95 ,-999.95 ,-999.95 ,-999.95 ,145 ,43
76,124 ,88 ,1.9318 ,-1.29852 ,-999.95 ,100 ,0 ,0 ,100 ,-999.95 ,-999.95 ,-999.95 ,-999.95 ,-999.95 ,145 ,63
80,124 ,125 ,-0.144447 ,0.140001 ,-1.61056 ,100 ,0 ,0 ,0 ,100 ,0 ,0 ,0 ,1000 ,145 ,148
76,125 ,4 ,-0.125593 ,2.36714 ,-999.95 ,100 ,0 ,0 ,100 ,-999.95 ,-999.95 ,-999.95 ,-999.95 ,-999.95 ,148 ,3
76,125 ,9 ,2.06863 ,4.04422 ,-999.95 ,100 ,0 ,0 ,100 ,-999.95 ,-999.95 ,-999.95 ,-999.95 ,-999.95 ,148 ,7
76,125 ,50 ,3.20148 ,-1.12116 ,-999.95 ,100 ,0 ,0 ,100 ,-999.95 ,-999.95 ,-999.95 ,-999.95 ,-999.95 ,148 ,25
76,125 ,53 ,1.77736 ,-0.875294 ,-999.95 ,100 ,0 ,0 ,100 ,-999.95 ,-999.95 ,-999.95 ,-999.95 ,-999.95 ,148 ,27
76,125 ,64 ,2.20438 ,4.22838 ,-999.95 ,100 ,0 ,0 ,100 ,-999.95 ,-999.95 ,-999.95 ,-999.95 ,-999.95 ,148 ,39
76,125 ,68 ,0.320428 ,1.71129 ,-999.95 ,100 ,0 ,0 ,100 ,-999.95 ,-999.95 ,-999.95 ,-999.95 ,-999.95 ,148 ,43
76,125 ,88 ,1.28853 ,1.68852 ,-999.95 ,100 ,0 ,0 ,100 ,-999.95 ,-999.95 ,-999.95 ,-999.95 ,-999.95 ,148 ,63
80,125 ,126 ,0.0588727 ,-0.00879489 ,1.58116 ,100 ,0 ,0 ,0 ,100 ,0 ,0 ,0 ,1000 ,148 ,151
76,126 ,4 ,2.34453 ,-0.148493 ,-999.95 ,100 ,0 ,0 ,100 ,-999.95 ,-999.95 ,-999.95 ,-999.95 ,-999.95 ,151 ,3
76,126 ,9 ,4.24719 ,-2.07922 ,-999.95 ,100 ,0 ,0 ,100 ,-999.95 ,-999.95 ,-999.95 ,-999.95 ,-999.95 ,151 ,7
76,126 ,48 ,0.97312 ,3.82977 ,-999.95 ,100 ,0 ,0 ,100 ,-999.95 ,-999.95 ,-999.95 ,-999.95 ,-999.95 ,151 ,23
76,126 ,27 ,1.73378 ,2.80821 ,-999.95 ,100 ,0 ,0 ,100 ,-999.95 ,-999.95 ,-999.95 ,-999.95 ,-999.95 ,151 ,15
76,126 ,64 ,4.30779 ,-2.00244 ,-999.95 ,100 ,0 ,0 ,100 ,-999.95 ,-999.95 ,-999.95 ,-999.95 ,-999.95 ,151 ,39
76,126 ,68 ,1.60483 ,0.0594053 ,-999.95 ,100 ,0 ,0 ,100 ,-999.95 ,-999.95 ,-999.95 ,-999.95 ,-999.95 ,151 ,43
76,126 ,88 ,1.77705 ,-1.22008 ,-999.95 ,100 ,0 ,0 ,100 ,-999.95 ,-999.95 ,-999.95 ,-999.95 ,-999.95 ,151 ,63
80,126 ,127 ,0.962925 ,0.0760149 ,0.0075386 ,100 ,0 ,0 ,0 ,100 ,0 ,0 ,0 ,1000 ,151 ,154
76,127 ,4 ,1.2758 ,-0.00491844 ,-999.95 ,100 ,0 ,0 ,100 ,-999.95 ,-999.95 ,-999.95 ,-999.95 ,-999.95 ,154 ,3
76,127 ,9 ,3.15911 ,-2.08116 ,-999.95 ,100 ,0 ,0 ,100 ,-999.95 ,-999.95 ,-999.95 ,-999.95 ,-999.95 ,154 ,7
76,127 ,16 ,4.64796 ,-1.53333 ,-999.95 ,100 ,0 ,0 ,100 ,-999.95 ,-999.95 ,-999.95 ,-999.95 ,-999.95 ,154 ,11
76,127 ,27 ,0.77877 ,2.97575 ,-999.95 ,100 ,0 ,0 ,100 ,-999.95 ,-999.95 ,-999.95 ,-999.95 ,-999.95 ,154 ,15
76,127 ,64 ,3.17968 ,-2.20738 ,-999.95 ,100 ,0 ,0 ,100 ,-999.95 ,-999.95 ,-999.95 ,-999.95 ,-999.95 ,154 ,39
76,127 ,68 ,0.474571 ,-0.185126 ,-999.95 ,100 ,0 ,0 ,100 ,-999.95 ,-999.95 ,-999.95 ,-999.95 ,-999.95 ,154 ,43
76,127 ,88 ,0.826055 ,-1.06363 ,-999.95 ,100 ,0 ,0 ,100 ,-999.95 ,-999.95 ,-999.95 ,-999.95 ,-999.95 ,154 ,63
80,127 ,128 ,1.05375 ,-0.129128 ,0.0206508 ,100 ,0 ,0 ,0 ,100 ,0 ,0 ,0 ,1000 ,154 ,157
76,128 ,4 ,0.343894 ,-0.0729978 ,-999.95 ,100 ,0 ,0 ,100 ,-999.95 ,-999.95 ,-999.95 ,-999.95 ,-999.95 ,157 ,3
76,128 ,9 ,2.07393 ,-2.20907 ,-999.95 ,100 ,0 ,0 ,100 ,-999.95 ,-999.95 ,-999.95 ,-999.95 ,-999.95 ,157 ,7
76,128 ,16 ,3.62641 ,-1.5817 ,-999.95 ,100 ,0 ,0 ,100 ,-999.95 ,-999.95 ,-999.95 ,-999.95 ,-999.95 ,157 ,11
76,128 ,64 ,2.2374 ,-2.29585 ,-999.95 ,100 ,0 ,0 ,100 ,-999.95 ,-999.95 ,-999.95 ,-999.95 ,-999.95 ,157 ,39
76,128 ,78 ,5.15266 ,-0.648907 ,-999.95 ,100 ,0 ,0 ,100 ,-999.95 ,-999.95 ,-999.95 ,-999.95 ,-999.95 ,157 ,55
80,128 ,129 ,1.17884 ,-0.0926226 ,0.0128608 ,100 ,0 ,0 ,0 ,100 ,0 ,0 ,0 ,1000 ,157 ,160
76,129 ,9 ,1.3167 ,-2.09899 ,-999.95 ,100 ,0 ,0 ,100 ,-999.95 ,-999.95 ,-999.95 ,-999.95 ,-999.95 ,160 ,7
76,129 ,16 ,2.77928 ,-1.63481 ,-999.95 ,100 ,0 ,0 ,100 ,-999.95 ,-999.95 ,-999.95 ,-999.95 ,-999.95 ,160 ,11
76,129 ,64 ,1.30054 ,-2.1096 ,-999.95 ,100 ,0 ,0 ,100 ,-999.95 ,-999.95 ,-999.95 ,-999.95 ,-999.95 ,160 ,39
76,129 ,78 ,4.07195 ,-0.529102 ,-999.95 ,100 ,0 ,0 ,100 ,-999.95 ,-999.95 ,-999.95 ,-999.95 ,-999.95 ,160 ,55
76,129 ,94 ,3.24687 ,3.5539 ,-999.95 ,100 ,0 ,0 ,100 ,-999.95 ,-999.95 ,-999.95 ,-999.95 ,-999.95 ,160 ,71
80,129 ,130 ,0.731183 ,0.0936001 ,0.0210356 ,100 ,0 ,0 ,0 ,100 ,0 ,0 ,0 ,1000 ,160 ,163
76,130 ,9 ,0.242102 ,-2.14876 ,-999.95 ,100 ,0 ,0 ,100 ,-999.95 ,-999.95 ,-999.95 ,-999.95 ,-999.95 ,163 ,7
76,130 ,16 ,1.81377 ,-1.62573 ,-999.95 ,100 ,0 ,0 ,100 ,-999.95 ,-999.95 ,-999.95 ,-999.95 ,-999.95 ,163 ,11
76,130 ,61 ,4.13586 ,1.69018 ,-999.95 ,100 ,0 ,0 ,100 ,-999.95 ,-999.95 ,-999.95 ,-999.95 ,-999.95 ,163 ,37
76,130 ,64 ,0.28409 ,-2.29715 ,-999.95 ,100 ,0 ,0 ,100 ,-999.95 ,-999.95 ,-999.95 ,-999.95 ,-999.95 ,163 ,39
76,130 ,78 ,2.92638 ,-0.41258 ,-999.95 ,100 ,0 ,0 ,100 ,-999.95 ,-999.95 ,-999.95 ,-999.95 ,-999.95 ,163 ,55
76,130 ,94 ,1.98616 ,3.52333 ,-999.95 ,100 ,0 ,0 ,100 ,-999.95 ,-999.95 ,-999.95 ,-999.95 ,-999.95 ,163 ,71
80,130 ,131 ,-0.147613 ,-0.00270764 ,-1.62262 ,100 ,0 ,0 ,0 ,100 ,0 ,0 ,0 ,1000 ,163 ,166
76,131 ,4 ,0.235783 ,-1.6591 ,-999.95 ,100 ,0 ,0 ,100 ,-999.95 ,-999.95 ,-999.95 ,-999.95 ,-999.95 ,166 ,3
76,131 ,9 ,2.0496 ,0.166393 ,-999.95 ,100 ,0 ,0 ,100 ,-999.95 ,-999.95 ,-999.95 ,-999.95 ,-999.95 ,166 ,7
76,131 ,16 ,1.724 ,1.64912 ,-999.95 ,100 ,0 ,0 ,100 ,-999.95 ,-999.95 ,-999.95 ,-999.95 ,-999.95 ,166 ,11
76,131 ,64 ,2.11585 ,0.357862 ,-999.95 ,100 ,0 ,0 ,100 ,-999.95 ,-999.95 ,-999.95 ,-999.95 ,-999.95 ,166 ,39
76,131 ,68 ,0.00506257 ,-2.47603 ,-999.95 ,100 ,0 ,0 ,100 ,-999.95 ,-999.95 ,-999.95 ,-999.95 ,-999.95 ,166 ,43
76,131 ,78 ,0.343556 ,2.88314 ,-999.95 ,100 ,0 ,0 ,100 ,-999.95 ,-999.95 ,-999.95 ,-999.95 ,-999.95 ,166 ,55
76,131 ,88 ,1.17608 ,-2.18535 ,-999.95 ,100 ,0 ,0 ,100 ,-999.95 ,-999.95 ,-999.95 ,-999.95 ,-999.95 ,166 ,63
80,131 ,132 ,1.03794 ,-0.00489434 ,-0.015993 ,100 ,0 ,0 ,0 ,100 ,0 ,0 ,0 ,1000 ,166 ,169
76,132 ,9 ,1.09451 ,0.424532 ,-999.95 ,100 ,0 ,0 ,100 ,-999.95 ,-999.95 ,-999.95 ,-999.95 ,-999.95 ,169 ,7
76,132 ,16 ,0.721689 ,1.81199 ,-999.95 ,100 ,0 ,0 ,100 ,-999.95 ,-999.95 ,-999.95 ,-999.95 ,-999.95 ,169 ,11
76,132 ,38 ,4.42598 ,0.366432 ,-999.95 ,100 ,0 ,0 ,100 ,-999.95 ,-999.95 ,-999.95 ,-999.95 ,-999.95 ,169 ,19
76,132 ,53 ,0.963088 ,-4.70446 ,-999.95 ,100 ,0 ,0 ,100 ,-999.95 ,-999.95 ,-999.95 ,-999.95 ,-999.95 ,169 ,27
76,132 ,64 ,1.19942 ,0.111833 ,-999.95 ,100 ,0 ,0 ,100 ,-999.95 ,-999.95 ,-999.95 ,-999.95 ,-999.95 ,169 ,39
76,132 ,88 ,0.179749 ,-2.15855 ,-999.95 ,100 ,0 ,0 ,100 ,-999.95 ,-999.95 ,-999.95 ,-999.95 ,-999.95 ,169 ,63
80,132 ,133 ,0.990985 ,0.127033 ,-0.00593518 ,100 ,0 ,0 ,0 ,100 ,0 ,0 ,0 ,1000 ,169 ,172
76,133 ,9 ,-0.333788 ,0.15997 ,-999.95 ,100 ,0 ,0 ,100 ,-999.95 ,-999.95 ,-999.95 ,-999.95 ,-999.95 ,172 ,7
76,133 ,38 ,3.35458 ,0.423673 ,-999.95 ,100 ,0 ,0 ,100 ,-999.95 ,-999.95 ,-999.95 ,-999.95 ,-999.95 ,172 ,19
76,133 ,59 ,4.57764 ,1.11963 ,-999.95 ,100 ,0 ,0 ,100 ,-999.95 ,-999.95 ,-999.95 ,-999.95 ,-999.95 ,172 ,33
76,133 ,64 ,0.162632 ,0.22342 ,-999.95 ,100 ,0 ,0 ,100 ,-999.95 ,-999.95 ,-999.95 ,-999.95 ,-999.95 ,172 ,39
76,133 ,69 ,4.32651 ,-1.65145 ,-999.95 ,100 ,0 ,0 ,100 ,-999.95 ,-999.95 ,-999.95 ,-999.95 ,-999.95 ,172 ,45
80,133 ,134 ,0.996723 ,-0.163617 ,0.00260677 ,100 ,0 ,0 ,0 ,100 ,0 ,0 ,0 ,1000 ,172 ,175
76,134 ,38 ,2.29139 ,0.353856 ,-999.95 ,100 ,0 ,0 ,100 ,-999.95 ,-999.95 ,-999.95 ,-999.95 ,-999.95 ,175 ,19
76,134 ,59 ,3.54955 ,1.38949 ,-999.95 ,100 ,0 ,0 ,100 ,-999.95 ,-999.95 ,-999.95 ,-999.95 ,-999.95 ,175 ,33
76,134 ,69 ,3.40946 ,-1.61047 ,-999.95 ,100 ,0 ,0 ,100 ,-999.95 ,-999.95 ,-999.95 ,-999.95 ,-999.95 ,175 ,45
80,134 ,135 ,1.03025 ,0.0786128 ,-0.0428259 ,100 ,0 ,0 ,0 ,100 ,0 ,0 ,0 ,1000 ,175 ,178
76,135 ,15 ,3.90763 ,2.02822 ,-999.95 ,100 ,0 ,0 ,100 ,-999.95 ,-999.95 ,-999.95 ,-999.95 ,-999.95 ,178 ,9
76,135 ,38 ,1.40552 ,0.540134 ,-999.95 ,100 ,0 ,0 ,100 ,-999.95 ,-999.95 ,-999.95 ,-999.95 ,-999.95 ,178 ,19
76,135 ,59 ,2.85263 ,1.27645 ,-999.95 ,100 ,0 ,0 ,100 ,-999.95 ,-999.95 ,-999.95 ,-999.95 ,-999.95 ,178 ,33
76,135 ,69 ,2.38456 ,-1.60286 ,-999.95 ,100 ,0 ,0 ,100 ,-999.95 ,-999.95 ,-999.95 ,-999.95 ,-999.95 ,178 ,45
76,135 ,84 ,4.62624 ,-0.540402 ,-999.95 ,100 ,0 ,0 ,100 ,-999.95 ,-999.95 ,-999.95 ,-999.95 ,-999.95 ,178 ,59
80,135 ,136 ,1.04286 ,0.126216 ,-0.0106432 ,100 ,0 ,0 ,0 ,100 ,0 ,0 ,0 ,1000 ,178 ,181
76,136 ,15 ,3.06938 ,1.97336 ,-999.95 ,100 ,0 ,0 ,100 ,-999.95 ,-999.95 ,-999.95 ,-999.95 ,-999.95 ,181 ,9
76,136 ,38 ,0.502463 ,0.274055 ,-999.95 ,100 ,0 ,0 ,100 ,-999.95 ,-999.95 ,-999.95 ,-999.95 ,-999.95 ,181 ,19
76,136 ,59 ,1.77926 ,1.26656 ,-999.95 ,100 ,0 ,0 ,100 ,-999.95 ,-999.95 ,-999.95 ,-999.95 ,-999.95 ,181 ,33
76,136 ,69 ,1.41956 ,-1.80759 ,-999.95 ,100 ,0 ,0 ,100 ,-999.95 ,-999.95 ,-999.95 ,-999.95 ,-999.95 ,181 ,45
76,136 ,71 ,2.02066 ,-4.64242 ,-999.95 ,100 ,0 ,0 ,100 ,-999.95 ,-999.95 ,-999.95 ,-999.95 ,-999.95 ,181 ,47
76,136 ,75 ,3.80941 ,2.51039 ,-999.95 ,100 ,0 ,0 ,100 ,-999.95 ,-999.95 ,-999.95 ,-999.95 ,-999.95 ,181 ,51
76,136 ,84 ,3.44758 ,-0.557298 ,-999.95 ,100 ,0 ,0 ,100 ,-999.95 ,-999.95 ,-999.95 ,-999.95 ,-999.95 ,181 ,59
76,136 ,90 ,1.72055 ,4.77503 ,-999.95 ,100 ,0 ,0 ,100 ,-999.95 ,-999.95 ,-999.95 ,-999.95 ,-999.95 ,181 ,65
76,136 ,91 ,4.16358 ,-1.51857 ,-999.95 ,100 ,0 ,0 ,100 ,-999.95 ,-999.95 ,-999.95 ,-999.95 ,-999.95 ,181 ,67
76,136 ,92 ,4.14467 ,0.880919 ,-999.95 ,100 ,0 ,0 ,100 ,-999.95 ,-999.95 ,-999.95 ,-999.95 ,-999.95 ,181 ,69
80,136 ,137 ,1.02196 ,0.0117291 ,-0.00689957 ,100 ,0 ,0 ,0 ,100 ,0 ,0 ,0 ,1000 ,181 ,184
76,137 ,15 ,2.0933 ,1.82765 ,-999.95 ,100 ,0 ,0 ,100 ,-999.95 ,-999.95 ,-999.95 ,-999.95 ,-999.95 ,184 ,9
76,137 ,26 ,3.79034 ,-2.50938 ,-999.95 ,100 ,0 ,0 ,100 ,-999.95 ,-999.95 ,-999.95 ,-999.95 ,-999.95 ,184 ,13
76,137 ,59 ,0.61319 ,1.47408 ,-999.95 ,100 ,0 ,0 ,100 ,-999.95 ,-999.95 ,-999.95 ,-999.95 ,-999.95 ,184 ,33
76,137 ,69 ,0.393518 ,-1.71676 ,-999.95 ,100 ,0 ,0 ,100 ,-999.95 ,-999.95 ,-999.95 ,-999.95 ,-999.95 ,184 ,45
76,137 ,71 ,0.959921 ,-4.40353 ,-999.95 ,100 ,0 ,0 ,100 ,-999.95 ,-999.95 ,-999.95 ,-999.95 ,-999.95 ,184 ,47
76,137 ,75 ,2.77338 ,2.2536 ,-999.95 ,100 ,0 ,0 ,100 ,-999.95 ,-999.95 ,-999.95 ,-999.95 ,-999.95 ,184 ,51
76,137 ,84 ,2.32073 ,-0.689835 ,-999.95 ,100 ,0 ,0 ,100 ,-999.95 ,-999.95 ,-999.95 ,-999.95 ,-999.95 ,184 ,59
76,137 ,86 ,3.67876 ,-2.23778 ,-999.95 ,100 ,0 ,0 ,100 ,-999.95 ,-999.95 ,-999.95 ,-999.95 ,-999.95 ,184 ,61
76,137 ,90 ,0.625952 ,4.73823 ,-999.95 ,100 ,0 ,0 ,100 ,-999.95 ,-999.95 ,-999.95 ,-999.95 ,-999.95 ,184 ,65
76,137 ,91 ,3.14151 ,-1.59647 ,-999.95 ,100 ,0 ,0 ,100 ,-999.95 ,-999.95 ,-999.95 ,-999.95 ,-999.95 ,184 ,67
76,137 ,92 ,3.20513 ,0.901206 ,-999.95 ,100 ,0 ,0 ,100 ,-999.95 ,-999.95 ,-999.95 ,-999.95 ,-999.95 ,184 ,69
80,137 ,138 ,1.04935 ,-0.0849947 ,0.0136829 ,100 ,0 ,0 ,0 ,100 ,0 ,0 ,0 ,1000 ,184 ,187
76,138 ,6 ,3.71035 ,-1.64345 ,-999.95 ,100 ,0 ,0 ,100 ,-999.95 ,-999.95 ,-999.95 ,-999.95 ,-999.95 ,187 ,5
76,138 ,15 ,0.970135 ,2.19881 ,-999.95 ,100 ,0 ,0 ,100 ,-999.95 ,-999.95 ,-999.95 ,-999.95 ,-999.95 ,187 ,9
76,138 ,26 ,2.90728 ,-2.60426 ,-999.95 ,100 ,0 ,0 ,100 ,-999.95 ,-999.95 ,-999.95 ,-999.95 ,-999.95 ,187 ,13
76,138 ,43 ,4.15624 ,-2.26498 ,-999.95 ,100 ,0 ,0 ,100 ,-999.95 ,-999.95 ,-999.95 ,-999.95 ,-999.95 ,187 ,21
76,138 ,54 ,2.92712 ,3.4254 ,-999.95 ,100 ,0 ,0 ,100 ,-999.95 ,-999.95 ,-999.95 ,-999.95 ,-999.95 ,187 ,29
76,138 ,71 ,-0.096328 ,-4.66584 ,-999.95 ,100 ,0 ,0 ,100 ,-999.95 ,-999.95 ,-999.95 ,-999.95 ,-999.95 ,187 ,47
76,138 ,75 ,1.87867 ,2.57535 ,-999.95 ,100 ,0 ,0 ,100 ,-999.95 ,-999.95 ,-999.95 ,-999.95 ,-999.95 ,187 ,51
76,138 ,84 ,1.54855 ,-0.601182 ,-999.95 ,100 ,0 ,0 ,100 ,-999.95 ,-999.95 ,-999.95 ,-999.95 ,-999.95 ,187 ,59
76,138 ,86 ,2.7221 ,-2.21754 ,-999.95 ,100 ,0 ,0 ,100 ,-999.95 ,-999.95 ,-999.95 ,-999.95 ,-999.95 ,187 ,61
76,138 ,91 ,2.06618 ,-1.46691 ,-999.95 ,100 ,0 ,0 ,100 ,-999.95 ,-999.95 ,-999.95 ,-999.95 ,-999.95 ,187 ,67
76,138 ,92 ,1.8378 ,1.04495 ,-999.95 ,100 ,0 ,0 ,100 ,-999.95 ,-999.95 ,-999.95 ,-999.95 ,-999.95 ,187 ,69
80,138 ,139 ,-0.0523044 ,0.052098 ,1.61365 ,100 ,0 ,0 ,0 ,100 ,0 ,0 ,0 ,1000 ,187 ,190
76,139 ,9 ,-0.0220846 ,4.92362 ,-999.95 ,100 ,0 ,0 ,100 ,-999.95 ,-999.95 ,-999.95 ,-999.95 ,-999.95 ,190 ,7
76,139 ,15 ,2.00808 ,-0.99041 ,-999.95 ,100 ,0 ,0 ,100 ,-999.95 ,-999.95 ,-999.95 ,-999.95 ,-999.95 ,190 ,9
76,139 ,38 ,0.569294 ,1.62835 ,-999.95 ,100 ,0 ,0 ,100 ,-999.95 ,-999.95 ,-999.95 ,-999.95 ,-999.95 ,190 ,19
76,139 ,54 ,3.67313 ,-2.65432 ,-999.95 ,100 ,0 ,0 ,100 ,-999.95 ,-999.95 ,-999.95 ,-999.95 ,-999.95 ,190 ,29
76,139 ,59 ,1.11084 ,0.356639 ,-999.95 ,100 ,0 ,0 ,100 ,-999.95 ,-999.95 ,-999.95 ,-999.95 ,-999.95 ,190 ,33
76,139 ,64 ,0.336079 ,4.71998 ,-999.95 ,100 ,0 ,0 ,100 ,-999.95 ,-999.95 ,-999.95 ,-999.95 ,-999.95 ,190 ,39
76,139 ,75 ,2.50008 ,-1.88242 ,-999.95 ,100 ,0 ,0 ,100 ,-999.95 ,-999.95 ,-999.95 ,-999.95 ,-999.95 ,190 ,51
76,139 ,90 ,4.57775 ,0.319868 ,-999.95 ,100 ,0 ,0 ,100 ,-999.95 ,-999.95 ,-999.95 ,-999.95 ,-999.95 ,190 ,65
76,139 ,92 ,0.85856 ,-1.89193 ,-999.95 ,100 ,0 ,0 ,100 ,-999.95 ,-999.95 ,-999.95 ,-999.95 ,-999.95 ,190 ,69
80,139 ,140 ,-0.0197712 ,0.11501 ,-1.5105 ,100 ,0 ,0 ,0 ,100 ,0 ,0 ,0 ,1000 ,190 ,193
76,140 ,6 ,3.78753 ,-1.86802 ,-999.95 ,100 ,0 ,0 ,100 ,-999.95 ,-999.95 ,-999.95 ,-999.95 ,-999.95 ,193 ,5
76,140 ,15 ,0.919415 ,2.16873 ,-999.95 ,100 ,0 ,0 ,100 ,-999.95 ,-999.95 ,-999.95 ,-999.95 ,-999.95 ,193 ,9
76,140 ,26 ,2.72334 ,-2.53505 ,-999.95 ,100 ,0 ,0 ,100 ,-999.95 ,-999.95 ,-999.95 ,-999.95 ,-999.95 ,193 ,13
76,140 ,43 ,4.1154 ,-2.24315 ,-999.95 ,100 ,0 ,0 ,100 ,-999.95 ,-999.95 ,-999.95 ,-999.95 ,-999.95 ,193 ,21
76,140 ,54 ,2.81783 ,3.20956 ,-999.95 ,100 ,0 ,0 ,100 ,-999.95 ,-999.95 ,-999.95 ,-999.95 ,-999.95 ,193 ,29
76,140 ,71 ,-0.106658 ,-4.60688 ,-999.95 ,100 ,0 ,0 ,100 ,-999.95 ,-999.95 ,-999.95 ,-999.95 ,-999.95 ,193 ,47
76,140 ,75 ,1.90044 ,2.43541 ,-999.95 ,100 ,0 ,0 ,100 ,-999.95 ,-999.95 ,-999.95 ,-999.95 ,-999.95 ,193 ,51
76,140 ,84 ,1.4096 ,-0.651416 ,-999.95 ,100 ,0 ,0 ,100 ,-999.95 ,-999.95 ,-999.95 ,-999.95 ,-999.95 ,193 ,59
76,140 ,86 ,2.7752 ,-2.2858 ,-999.95 ,100 ,0 ,0 ,100 ,-999.95 ,-999.95 ,-999.95 ,-999.95 ,-999.95 ,193 ,61
76,140 ,91 ,2.28543 ,-1.27619 ,-999.95 ,100 ,0 ,0 ,100 ,-999.95 ,-999.95 ,-999.95 ,-999.95 ,-999.95 ,193 ,67
76,140 ,92 ,2.06569 ,0.830742 ,-999.95 ,100 ,0 ,0 ,100 ,-999.95 ,-999.95 ,-999.95 ,-999.95 ,-999.95 ,193 ,69
