0.099566, 0.0100596, 0.100864, 1.78616, 0.877205, -0.091412, 3.859, 0, 0, 0, 0, 0, 0, 0, 0, 0, 0, 0, 0, 0, 0
0.197537, 0.0299427, 0.199988, 1.85525, 0.826653, 0.0939906, 3.94245, 0, 0, 0, 0, 0, 0, 0, 0, 0, 0, 0, 0, 0, 0
0.292954, 0.059427, 0.299064, 2.01615, 0.977341, 0.43028, 4.05279, 0, 0, 0, 0, 0, 0, 0, 0, 0, 0, 0, 0, 0, 0
0.385062, 0.0983268, 0.399318, 1.9666, 0.946008, 0.277722, 3.87989, 0, 0, 0, 0, 0, 0, 0, 0, 0, 0, 0, 0, 0, 0
0.472906, 0.146143, 0.498271, 2.08996, 1.13288, 0.0425002, 4.10376, 0, 0, 0, 0, 0, 0, 0, 0, 0, 0, 0, 0, 0, 0
0.555648, 0.202392, 0.598104, 2.03971, 0.868999, -0.00452456, 3.90016, 0, 0, 0, 0, 0, 0, 0, 0, 0, 0, 0, 0, 0, 0
0.632239, 0.266655, 0.699179, 1.99293, 0.82238, 0.315656, 4.29793, 0, 0, 0, 0, 0, 0, 0, 0, 0, 0, 0, 0, 0, 0
0.701839, 0.338141, 0.79878, 1.93113, 0.926153, 0.0998307, 4.04323, 0, 0, 0, 0, 0, 0, 0, 0, 0, 0, 0, 0, 0, 0
0.763885, 0.416154, 0.900039, 1.9097, 0.990338, 0.152025, 4.04113, 0, 0, 0, 0, 0, 0, 0, 0, 0, 0, -1.53712e-007, 2.14316e-007, 0, 0
0.817768, 0.500437, 1.00221, 2.07316, 1.00759, 0.310094, 3.98439, 0, 0, 0, 0, 0, 0, 0, 0, 0, 0, -1.9545e-007, 2.69976e-007, 0, 0
0.862956, 0.589603, 1.10142, 1.98824, 1.05387, -0.18021, 3.98497, 0, 0, 0, 0, 0, 0, 0, 0, 0, 0, -6.9348e-007, 8.50514e-007, 0, 0
0.903634, 0.680952, 1.15189, 1.80142, 0.860451, -0.0870849, 4.15541, 0, 0, 0, 0, 0, 0, 0, 0, 0, 0, -6.9348e-007, 8.50514e-007, 0, 0
0.935014, 0.775631, 1.25065, 2.05434, 0.985804, -0.116904, 3.95542, 0, 0, 0, 0, 0, 0, 0, 0, 0, 0, -7.05015e-007, 8.64652e-007, 0, 0
0.956834, 0.873127, 1.35024, 1.85831, 1.03461, 0.162635, 4.19055, 0, 0, 0, 0, 0, 0, 0, 0, 0, 0, -6.99605e-007, 8.5287e-007, 0, 0
0.968996, 0.97211, 1.44894, 1.85675, 0.983291, 0.0613065, 4.01726, 0, 0, 0, 0, 0, 0, 0, 0, 0, 0, -7.07595e-007, 8.64714e-007, 0, 0
0.971264, 1.07227, 1.54861, 1.97116, 0.932517, 0.0688936, 4.00562, 0, 0, 0, 0, 0, 0, 0, 0, 0, 0, -6.94511e-007, 8.45723e-007, 0, 0
0.973448, 1.1721, 1.54921, 1.99768, 1.09049, 0.140032, 3.92787, 0, 0, 0, 0, 0, 0, 0, 0, 0, 0, -6.93418e-007, 8.42396e-007, 0, 0
0.975712, 1.27205, 1.54875, 2.03667, 1.07585, 0.0181049, 4.08255, 0, 0, 0, 0, 0, 0, 0, 0, 0, 0, -6.93418e-007, 8.42396e-007, 0, 0
0.977904, 1.37195, 1.54876, 1.98397, 0.964471, -0.0614782, 4.00626, 0, 0, 0, 0, 0, 0, 0, 0, 0, 0, -7.29953e-007, 8.9804e-007, 0, 0
0.980219, 1.47199, 1.54806, 2.05969, 0.965356, 0.0519336, 3.9789, 0, 0, 0, 0, 0, 0, 0, 0, 0, 0, -7.29953e-007, 8.9804e-007, 0, 0
0.982474, 1.57207, 1.54836, 2.07165, 0.949332, 0.0605137, 4.02333, 0, 0, 0, 0, 0, 0, 0, 0, 0, 0, -7.32259e-007, 9.00736e-007, 0, 0
0.984764, 1.67197, 1.54772, 2.10871, 0.932159, -0.0298042, 4.04008, 0, 0, 0, 0, 0, 0, 0, 0, 0, 0, -7.28419e-007, 8.95308e-007, 0, 0
0.986964, 1.7718, 1.54916, 1.88336, 1.03488, -0.216539, 3.85978, 0, 0, 0, 0, 0, 0, 0, 0, 0, 0, -7.11096e-007, 8.6193e-007, 0, 0
0.989143, 1.87188, 1.54898, 2.01154, 0.945366, 0.0218184, 4.00369, 0, 0, 0, 0, 0, 0, 0, 0, 0, 0, -7.07219e-007, 8.56259e-007, 0, 0
0.991375, 1.97171, 1.54689, 2.02045, 1.01692, 0.0208756, 3.71376, 0, 0, 0, 0, 0, 0, 0, 0, 0, 0, -7.27367e-007, 8.92147e-007, 0, 0
0.993695, 2.07179, 1.54711, 1.96244, 1.06975, 0.102834, 3.97849, 0, 0, 0, 0, 0, 0, 0, 0, 5.13165, 4.97512, -7.20228e-007, 8.81342e-007, 0, 0
0.99605, 2.17189, 1.54627, 1.90985, 1.12473, 0.077142, 3.87308, 1.9326, 6.9773, 0, 0, 0, 0, 0, 0, 4.88582, 5.36567, -7.34945e-007, 9.08454e-007, 0, 0
0.998533, 2.27177, 1.54598, 2.19951, 0.885733, 0.0773996, 3.8624, 2.16445, 6.88339, 0, 0, 0, 0, 0, 0, 5.10543, 4.68974, -8.24744e-007, 1.07276e-006, 0, 0
1.00105, 2.37181, 1.54602, 2.04929, 1.1438, -0.0429345, 4.16785, 1.88352, 7.08217, 0, 0, 0, 0, 0, 0, 4.6058, 5.69077, -8.56115e-007, 1.12388e-006, 0, 0
1.00357, 2.47173, 1.54498, 1.90149, 1.05792, -0.165134, 3.89801, 2.46859, 6.98294, 0, 0, 0, 0, 0, 0, 5.02095, 5.00598, -9.03361e-007, 1.20646e-006, 0, 0
1.00612, 2.57164, 1.54509, 2.01766, 1.1077, 0.0440529, 3.89148, 1.89981, 6.9601, 0, 0, 0, 0, 0, 0, 4.93593, 5.11145, -8.64999e-007, 1.15797e-006, 0, 0
1.00876, 2.67152, 1.54447, 2.06165, 1.13207, -0.0147551, 3.9635, 1.62234, 7.10505, 0, 0, 0, 0, 0, 0, 5.15064, 4.65069, -7.25676e-007, 9.21891e-007, 0, 0
1.01136, 2.77141, 1.54396, 1.996, 1.04519, -0.0621546, 4.02444, 2.02902, 7.099, 0, 0, 0, 0, 0, 0, 4.98369, 4.54863, -7.35901e-007, 9.3915e-007, 0, 0
1.01402, 2.87149, 1.54438, 2.17743, 1.00113, 0.090465, 4.04004, 2.16305, 7.04558, 0, 0, 0, 0, 0, 0, 5.24936, 4.73184, -7.44456e-007, 9.53014e-007, 0, 0
1.0166, 2.97136, 1.54533, 1.94386, 0.955121, 0.0411564, 4.01663, 1.88694, 6.99869, 0, 0, 0, 0, 0, 0, 5.0765, 5.12716, -7.47295e-007, 9.58128e-007, 0, 0
1.01909, 3.07133, 1.54606, 2.00461, 1.07996, -0.0525116, 4.06107, 2.0407, 7.0297, 0, 0, 0, 0, 0, 0, 5.16728, 4.94922, -7.52032e-007, 9.64583e-007, 0, 0
1.02162, 3.17122, 1.54518, 1.91599, 0.801909, 0.0732786, 3.98536, 2.00073, 6.93409, 0, 0, 0, 0, 0, 0, 5.03288, 4.82923, -7.56105e-007, 9.71694e-007, 0, 0
1.02422, 3.2712, 1.54482, 1.8922, 1.06335, 0.114507, 3.947, 1.9186, 7.13835, 0, 0, 0, 0, 0, 0, 5.03449, 4.75864, -7.63609e-007, 9.80377e-007, 0, 0
1.0268, 3.37135, 1.54513, 1.89262, 0.838576, -0.17982, 4.00423, 2.01849, 7.01143, 0, 0, 0, 0, 0, 0, 4.93097, 5.10404, -7.93678e-007, 1.03652e-006, 0, 0
1.02937, 3.47123, 1.5444, 1.95392, 1.1624, -0.0303379, 4.03866, 1.86772, 7.10441, 0, 0, 0, 0, 0, 0, 5.08253, 4.7886, -7.93678e-007, 1.03652e-006, 0, 0
1.03199, 3.57118, 1.54495, 2.07198, 0.94573, 0.000727271, 4.05813, 2.03911, 7.00429, 0, 0, 0, 0, 0, 0, 5.17942, 4.92708, -7.96138e-007, 1.04102e-006, 0, 0
1.03459, 3.67116, 1.54484, 2.07037, 0.958899, 0.0428495, 4.00686, 1.89023, 6.78977, 0, 0, 0, 0, 0, 0, 4.8669, 5.07445, -7.94797e-007, 1.03882e-006, 0, 0
1.03715, 3.77114, 1.54486, 1.7744, 0.989925, -0.0418207, 4.11663, 2.0658, 7.21107, 0, 0, 0, 0, 0, 0, 4.95854, 5.03389, -7.79228e-007, 1.01544e-006, 0, 0
1.03963, 3.87102, 1.54549, 1.9931, 0.9049, -0.0792603, 3.93356, 2.21303, 6.96794, 0, 0, 0, 0, 0, 0, 5.14793, 4.96151, -7.84654e-007, 1.02525e-006, 0, 0
1.04222, 3.97091, 1.54466, 2.12114, 0.98364, 0.0635026, 3.98598, 1.92859, 7.15225, 0, 0, 0, 0, 0, 0, 4.96062, 5.09727, -7.83701e-007, 1.02347e-006, 0, 0
1.04479, 4.07086, 1.54555, 1.67577, 0.803762, -0.0101665, 4.02227, 2.10807, 7.21175, 0, 0, 0, 0, 0, 0, 4.93687, 4.78642, -7.89266e-007, 1.03296e-006, 0, 0
1.04735, 4.17081, 1.54479, 1.71333, 1.08533, 0.124288, 4.03094, 2.13486, 6.99866, 0, 0, 0, 0, 0, 0, 5.20749, 4.92175, -8.5226e-007, 1.13774e-006, 0, 0
1.04996, 4.27079, 1.54471, 2.09759, 0.910583, -0.0103601, 3.97624, 2.08996, 6.96698, 0, 0, 0, 0, 0, 0, 4.99204, 4.69948, -8.52721e-007, 1.13863e-006, 0, 0
1.05257, 4.37069, 1.54507, 2.00585, 1.08505, 0.000669686, 4.00235, 2.15252, 7.06412, 0, 0, 0, 0, 0, 0, 5.01033, 4.51563, -8.37961e-007, 1.11189e-006, 0, 0
1.05522, 4.47072, 1.54492, 1.83385, 0.905719, 0.131841, 3.98318, 2.14328, 6.82014, 0, 0, 0, 0, 0, 0, 4.98892, 4.90985, -8.37961e-007, 1.11189e-006, 0, 0
1.05783, 4.57085, 1.54441, 1.97102, 1.0964, -0.115025, 3.95667, 2.04961, 6.84367, 0, 0, 0, 0, 0, 0, 5.04602, 4.93871, -8.38416e-007, 1.11255e-006, 0, 0
1.06043, 4.67083, 1.54429, 2.06156, 1.07842, -0.0683436, 4.05926, 2.01319, 6.97292, 0, 0, 0, 0, 0, 0, 5.04438, 5.1396, -8.43569e-007, 1.1209e-006, 0, 0
1.06314, 4.77074, 1.54334, 1.83715, 0.994634, 0.0152349, 3.86742, 1.83346, 6.87561, 0, 0, 0, 0, 0, 0, 4.97887, 5.11382, -8.44625e-007, 1.12259e-006, 0, 0
1.06595, 4.87081, 1.5424, 1.95776, 1.03631, -0.0629125, 3.89408, 1.99462, 7.0898, 0, 0, 0, 0, 0, 0, 5.05634, 5.16516, -8.44387e-007, 1.12228e-006, 0, 0
1.06886, 4.97083, 1.54187, 1.78049, 0.97566, -0.200038, 3.81636, 1.75148, 6.82304, 0, 0, 0, 0, 0, 0, 4.84317, 5.16956, -8.44387e-007, 1.12228e-006, 0, 0
1.07182, 5.07088, 1.54148, 1.97551, 1.02083, 0.0275213, 3.90648, 2.11376, 7.05439, 0, 0, 0, 0, 0, 0, 5.02947, 5.03471, -8.31386e-007, 1.09991e-006, 0, 0
1.07474, 5.17082, 1.54123, 2.05508, 0.924942, -0.141148, 3.90276, 2.10348, 6.88107, 0, 0, 0, 0, 0, 0, 5.07401, 4.83229, -8.51003e-007, 1.14301e-006, 0, 0
1.07773, 5.2708, 1.54065, 1.86009, 0.950076, -0.0513884, 3.99384, 2.0349, 7.00596, 0, 0, 0, 0, 0, 0, 5.13164, 4.97699, -8.54007e-007, 1.14748e-006, 0, 0
1.08074, 5.37057, 1.54074, 2.06452, 1.01937, -0.0235076, 4.05735, 2.1658, 6.87103, 0, 0, 0, 0, 0, 0, 5.12243, 5.28706, -8.54007e-007, 1.14748e-006, 0, 0
1.08376, 5.47053, 1.54037, 1.84427, 1.07336, -0.130298, 3.8517, 2.15756, 6.97895, 0, 0, 0, 0, 0, 0, 4.98974, 5.18621, -8.54007e-007, 1.14748e-006, 0, 0
1.08682, 5.57049, 1.5401, 1.98681, 1.11176, 0.159202, 4.06098, 2.09552, 6.95823, 0, 0, 0, 0, 0, 0, 5.28338, 5.34955, -8.23929e-007, 1.10508e-006, 0, 0
1.08987, 5.67026, 1.53951, 2.19864, 0.928075, 0.0951529, 4.08874, 2.04041, 6.86802, 0, 0, 0, 0, 0, 0, 5.21538, 5.13113, -8.34437e-007, 1.1326e-006, 0, 0
1.09301, 5.77029, 1.53893, 1.83718, 0.838526, -0.0177032, 4.02241, 2.1213, 7.05985, 0, 0, 0, 0, 0, 0, 4.87548, 4.81837, -8.41388e-007, 1.13041e-006, 0, 0
1.09615, 5.87025, 1.53932, 2.31448, 0.892038, -0.176038, 4.04664, 1.93088, 6.83857, 0, 0, 0, 0, 0, 0, 5.1624, 5.05448, -7.77302e-007, 1.01364e-006, 0, 0
1.09934, 5.97008, 1.53835, 2.31448, 0.892038, 0.0548502, 4.0575, 2.05133, 6.82904, 0, 0, 0, 0, 0, 0, 4.97537, 4.9484, -7.77254e-007, 1.01365e-006, -3.64242e-007, -3.07627e-007
1.10262, 6.07013, 1.538, 2.31448, 0.892038, 0.0645496, 3.98088, 2.11867, 7.03285, 0, 0, 0, 0, 0, 0, 5.02482, 4.9283, -7.77254e-007, 1.01365e-006, -3.64242e-007, -3.07627e-007
1.10583, 6.17004, 1.53918, 2.31448, 0.892038, 0.0753098, 3.91867, 2.10708, 7.00941, 0, 0, 0, 0, 0, 0, 4.80022, 4.72061, -7.91431e-007, 1.03818e-006, -4.95129e-007, -1.96891e-007
1.109, 6.26985, 1.539, 2.31448, 0.892038, 0.063832, 4.07727, 2.08361, 6.95015, 0, 0, 0, 0, 0, 0, 5.04772, 5.08282, -7.91431e-007, 1.03818e-006, -4.95129e-007, -1.96891e-007
1.11221, 6.36969, 1.5386, 2.31448, 0.892038, -0.0993664, 3.90044, 2.01042, 6.95137, 0, 0, 0, 0, 0, 0, 4.92967, 4.9689, -7.91757e-007, 1.0388e-006, -5.05949e-007, -1.83362e-007
1.11543, 6.46951, 1.53882, 2.31448, 0.892038, 0.0831459, 3.94787, 2.00144, 7.02749, 0, 0, 0, 0, 0, 0, 5.06865, 4.75125, -7.92712e-007, 1.04035e-006, -4.84197e-007, -2.17653e-007
1.11863, 6.56947, 1.53881, 2.31448, 0.892038, -0.128038, 4.04515, 2.1927, 7.06999, 0, 0, 0, 0, 0, 0, 5.23571, 4.91723, -7.89707e-007, 1.03513e-006, -4.82216e-007, -2.22885e-007
1.12283, 6.66923, 1.50882, 2.31448, 0.892038, -0.0442208, 4.10069, 2.03544, 7.04096, 0, 0, 0, 0, 0, 0, 4.76583, 4.70289, -8.13894e-007, 1.07629e-006, -5.12629e-007, -2.55547e-007
1.13011, 6.76887, 1.47757, 2.31448, 0.892038, -0.0811265, 3.95622, 2.17629, 7.09997, 0, 0, 0, 0, 0, 0, 4.967, 5.16144, -8.14041e-007, 1.07648e-006, -4.97369e-007, -2.79398e-007
1.14047, 6.86845, 1.44718, 2.31448, 0.892038, 0.188744, 3.93946, 2.14977, 6.98255, 0, 0, 0, 0, 0, 0, 4.85459, 4.72773, -8.22988e-007, 1.0918e-006, -5.00773e-007, -3.03293e-007
1.15375, 6.96737, 1.41666, 2.31448, 0.892038, 0.077966, 4.00161, 2.04699, 7.05131, 0, 0, 0, 0, 0, 0, 4.9866, 4.88289, -8.22988e-007, 1.0918e-006, -5.00773e-007, -3.03293e-007
1.17004, 7.06588, 1.387, 2.31448, 0.892038, 0.0291801, 3.88869, 2.23927, 6.97398, 0, 0, 0, 0, 0, 0, 4.92395, 4.74105, -8.22988e-007, 1.0918e-006, -5.00773e-007, -3.03293e-007
1.18928, 7.16398, 1.35903, 2.31448, 0.892038, 0.230002, 3.92498, 2.10845, 6.96609, 0, 0, 0, 0, 0, 0, 4.87335, 4.92944, -8.23144e-007, 1.09206e-006, -5.0504e-007, -2.99958e-007
1.21128, 7.26155, 1.32897, 2.31448, 0.892038, 0.214169, 4.12347, 2.01148, 6.97684, 0, 0, 0, 0, 0, 0, 5.37436, 5.22781, -8.30869e-007, 1.10501e-006, -4.83028e-007, -3.45744e-007
1.23618, 7.35837, 1.2988, 2.31448, 0.892038, 0.0156693, 4.03632, 1.97241, 6.98551, 0, 0, 0, 0, 0, 0, 5.22675, 5.20136, -8.32e-007, 1.10666e-006, -4.6715e-007, -3.59229e-007
1.2641, 7.45445, 1.2688, 2.31448, 0.892038, -0.048386, 3.98038, 2.06295, 6.9657, 0, 0, 0, 0, 0, 0, 4.68875, 4.65108, -8.50759e-007, 1.13845e-006, -4.83817e-007, -3.82274e-007
1.29493, 7.54965, 1.23802, 2.31448, 0.892038, 0.304107, 3.87322, 2.08271, 7.03308, 0, 0, 0, 0, 0, 0, 4.89971, 5.07633, -8.36099e-007, 1.11365e-006, -4.11746e-007, -4.47664e-007
1.32854, 7.64381, 1.20713, 2.31448, 0.892038, 0.131371, 3.99279, 1.95806, 7.00476, 0, 0, 0, 0, 0, 0, 4.81448, 4.82233, -8.33711e-007, 1.10967e-006, -4.92034e-007, -3.64487e-007
1.3651, 7.73694, 1.17679, 2.31448, 0.892038, 0.0284313, 4.15163, 1.93424, 6.93403, 0, 0, 0, 0, 0, 0, 4.99824, 5.0937, -8.32002e-007, 1.10654e-006, -4.50879e-007, -3.93275e-007
1.40442, 7.82891, 1.14727, 2.31448, 0.892038, -0.111903, 4.12488, 2.15805, 7.0072, 0, 0, 0, 0, 0, 0, 5.00854, 4.87194, -8.32002e-007, 1.10654e-006, -4.50879e-007, -3.93275e-007
1.44641, 7.91961, 1.11842, 2.31448, 0.892038, 0.0222978, 4.08168, 1.9992, 7.08216, 0, 0, 0, 0, 0, 0, 4.9938, 5.03823, -8.32002e-007, 1.10654e-006, -4.50879e-007, -3.93275e-007
1.49114, 8.00909, 1.08704, 2.31448, 0.892038, -0.399081, 4.3002, 2.15586, 6.95864, 0, 0, 0, 0, 0, 0, 5.19969, 5.11592, -8.46506e-007, 1.13131e-006, -5.17251e-007, -3.52116e-007
1.53842, 8.0972, 1.05747, 2.31448, 0.892038, 0.241, 3.91597, 1.95407, 6.94419, 0, 0, 0, 0, 0, 0, 4.90198, 4.83146, -8.46227e-007, 1.13082e-006, -5.12536e-007, -3.61222e-007
1.58823, 8.18353, 1.02765, 2.31448, 0.892038, 0.27473, 3.81215, 2.07153, 7.00784, 0, 0, 0, 0, 0, 0, 4.81025, 4.90959, -8.68759e-007, 1.16889e-006, -5.73913e-007, -3.33693e-007
1.64062, 8.26854, 0.998601, 2.31448, 0.892038, 0.23662, 3.92778, 1.97549, 7.0475, 0, 0, 0, 0, 0, 0, 5.28707, 4.91423, -8.69963e-007, 1.17092e-006, -5.81805e-007, -3.23798e-007
1.6955, 8.35211, 0.968906, 2.31448, 0.892038, 0.0881852, 4.09289, 1.93248, 7.01924, 0, 0, 0, 0, 0, 0, 5.23268, 5.27675, -8.57059e-007, 1.14889e-006, -5.22589e-007, -3.64353e-007
1.75279, 8.43375, 0.938915, 2.31448, 0.892038, 0.479871, 3.88189, 2.07755, 6.85747, 0, 0, 0, 0, 0, 0, 4.87839, 4.8967, -8.57059e-007, 1.14889e-006, -5.22589e-007, -3.64353e-007
1.81265, 8.51377, 0.908746, 2.31448, 0.892038, 0.0808385, 4.08933, 2.16387, 6.93202, 0, 0, 0, 0, 0, 0, 5.1197, 5.00401, -8.53428e-007, 1.14274e-006, -5.23103e-007, -3.60259e-007
1.87478, 8.59197, 0.878254, 2.31448, 0.892038, -0.0459511, 3.97045, 1.94525, 7.05883, 0, 0, 0, 0, 0, 0, 4.87378, 4.77763, -8.58928e-007, 1.15179e-006, -5.29611e-007, -3.61334e-007
1.93946, 8.66825, 0.848255, 2.31448, 0.892038, -0.0459511, 3.97045, 1.93611, 6.93227, 0, 0, 0, 0, 0, 0, 5.21834, 5.10394, -8.58928e-007, 1.15179e-006, -5.29611e-007, -3.61334e-007
2.00629, 8.74259, 0.818757, 2.31448, 0.892038, -0.0459511, 3.97045, 1.92541, 6.95883, 0, 0, 0, 0, 0, 0, 4.77666, 4.76622, -8.6096e-007, 1.15532e-006, -5.30846e-007, -3.6283e-007
2.07534, 8.81508, 0.790231, 2.31448, 0.892038, -0.0459511, 3.97045, 2.03878, 6.86444, 0, 0, 0, 0, 0, 0, 4.92429, 4.89231, -8.6096e-007, 1.15532e-006, -5.30846e-007, -3.6283e-007
2.14631, 8.88539, 0.761787, 2.31448, 0.892038, -0.0459511, 3.97045, 2.1898, 7.16508, 0, 0, 0, 0, 0, 0, 5.00374, 4.91307, -8.6096e-007, 1.15532e-006, -5.30846e-007, -3.6283e-007
2.21939, 8.95367, 0.731156, 2.31448, 0.892038, -0.0459511, 3.97045, 2.0406, 6.95451, 0, 0, 0, 0, 0, 0, 4.89928, 4.73196, -8.61104e-007, 1.15551e-006, -5.37302e-007, -3.54906e-007
2.29479, 9.01995, 0.70121, 2.31448, 0.892038, -0.0459511, 3.97045, 1.99518, 7.17862, 0, 0, 0, 0, 0, 0, 4.96414, 4.94351, -8.59358e-007, 1.15249e-006, -5.34582e-007, -3.54837e-007
2.37188, 9.08379, 0.670806, 2.31448, 0.892038, -0.0459511, 3.97045, 2.07913, 7.07865, 0, 0, 0, 0, 0, 0, 4.93602, 4.78977, -8.62191e-007, 1.15739e-006, -5.37455e-007, -3.58199e-007
2.45092, 9.1452, 0.640738, 2.31448, 0.892038, -0.0459511, 3.97045, 2.07083, 6.94035, 0, 0, 0, 0, 0, 0, 5.25802, 5.11424, -8.62191e-007, 1.15739e-006, -5.37455e-007, -3.58199e-007
2.53162, 9.204, 0.610291, 2.31448, 0.892038, -0.0459511, 3.97045, 2.36985, 6.93907, 0, 0, 0, 0, 0, 0, 5.024, 4.8774, -8.6188e-007, 1.15686e-006, -5.39267e-007, -3.51982e-007
2.61434, 9.26054, 0.578644, 2.31448, 0.892038, -0.0459511, 3.97045, 2.06078, 6.95272, 0, 0, 0, 0, 0, 0, 4.7692, 4.95698, -8.59412e-007, 1.1526e-006, -5.36516e-007, -3.48928e-007
2.69873, 9.31453, 0.549689, 2.31448, 0.892038, -0.0459511, 3.97045, 2.02103, 7.00508, 0, 0, 0, 0, 0, 0, 4.81392, 4.80738, -8.59412e-007, 1.1526e-006, -5.36516e-007, -3.48928e-007
2.78454, 9.36594, 0.520207, 2.31448, 0.892038, -0.0459511, 3.97045, 2.00505, 7.07622, 0, 0, 0, 0, 0, 0, 4.89458, 5.06693, -8.6033e-007, 1.15416e-006, -5.37131e-007, -3.5349e-007
2.87198, 9.41478, 0.488691, 2.31448, 0.892038, -0.0459511, 3.97045, 1.96175, 6.88223, 0, 0, 0, 0, 0, 0, 4.7382, 4.84278, -8.63511e-007, 1.15963e-006, -5.4233e-007, -3.55469e-007
2.96061, 9.46079, 0.4589, 2.31448, 0.892038, -0.0459511, 3.97045, 2.12732, 6.8925, 0, 0, 0, 0, 0, 0, 4.87997, 4.78776, -8.63511e-007, 1.15963e-006, -5.4233e-007, -3.55469e-007
3.05072, 9.50418, 0.429586, 2.31448, 0.892038, -0.0459511, 3.97045, 2.18643, 7.15623, 0, 0, 0, 0, 0, 0, 5.04362, 4.8513, -8.62043e-007, 1.15719e-006, -5.3257e-007, -3.62618e-007
3.14192, 9.54483, 0.399269, 2.31448, 0.892038, -0.0459511, 3.97045, 1.92995, 6.93857, 0, 0, 0, 0, 0, 0, 4.8758, 4.72698, -8.62043e-007, 1.15719e-006, -5.3257e-007, -3.62618e-007
3.23462, 9.58281, 0.368599, 2.31448, 0.892038, -0.0459511, 3.97045, 2.07086, 6.99311, 0, 0, 0, 0, 0, 0, 4.89089, 5.10478, -8.62043e-007, 1.15719e-006, -5.3257e-007, -3.62618e-007
3.3284, 9.61796, 0.339184, 2.31448, 0.892038, -0.0459511, 3.97045, 1.71753, 7.10755, 0, 0, 0, 0, 0, 0, 4.97142, 5.10696, -8.47103e-007, 1.13178e-006, -4.66011e-007, -4.23291e-007
3.42315, 9.65038, 0.309701, 2.31448, 0.892038, -0.0459511, 3.97045, 2.0925, 6.90459, 0, 0, 0, 0, 0, 0, 4.67173, 4.98181, -8.38412e-007, 1.11691e-006, -4.41562e-007, -4.34144e-007
3.51871, 9.67988, 0.27949, 2.31448, 0.892038, -0.0459511, 3.97045, 1.95849, 7.14012, 0, 0, 0, 0, 0, 0, 5.09039, 4.85978, -8.36039e-007, 1.11288e-006, -4.30762e-007, -4.43503e-007
3.61488, 9.70651, 0.250008, 2.31448, 0.892038, -0.0459511, 3.97045, 2.25975, 6.71655, 0, 0, 0, 0, 0, 0, 4.73144, 4.69511, -8.36039e-007, 1.11288e-006, -4.30762e-007, -4.43503e-007
3.71201, 9.73033, 0.220645, 2.31448, 0.892038, -0.0459511, 3.97045, 2.28617, 6.94773, 0, 0, 0, 0, 0, 0, 5.17892, 4.95604, -8.36039e-007, 1.11288e-006, -4.30762e-007, -4.43503e-007
3.80982, 9.75128, 0.190969, 2.31448, 0.892038, -0.0459511, 3.97045, 2.1229, 6.88713, 0, 0, 0, 0, 0, 0, 4.80379, 4.71941, -8.36568e-007, 1.11377e-006, -4.32101e-007, -4.45248e-007
3.90829, 9.76928, 0.161815, 2.31448, 0.892038, -0.0459511, 3.97045, 2.1249, 6.93034, 0, 0, 0, 0, 0, 0, 4.64511, 4.87337, -8.36568e-007, 1.11377e-006, -4.32101e-007, -4.45248e-007
4.00705, 9.78432, 0.13001, 2.31448, 0.892038, -0.0459511, 3.97045, 2.26635, 6.98799, 0, 0, 0, 0, 0, 0, 5.19454, 4.93353, -8.23099e-007, 1.09088e-006, -3.69497e-007, -5.03842e-007
4.10622, 9.79629, 0.100824, 2.31448, 0.892038, -0.0459511, 3.97045, 1.82195, 7.06058, 0, 0, 0, 0, 0, 0, 5.00488, 5.208, -8.1388e-007, 1.0752e-006, -3.34572e-007, -5.25165e-007
4.20586, 9.80534, 0.0701372, 2.31448, 0.892038, -0.0459511, 3.97045, 2.30913, 6.78148, 0, 0, 0, 0, 0, 0, 4.89555, 5.04682, -8.15825e-007, 1.07853e-006, -3.41498e-007, -5.18613e-007
4.30591, 9.81131, 0.0396217, 2.31448, 0.892038, -0.0459511, 3.97045, 2.03051, 7.00999, 0, 0, 0, 0, 0, 0, 5.13921, 4.86189, -8.15294e-007, 1.07761e-006, -3.39598e-007, -5.21874e-007
4.40601, 9.81426, 0.00866901, 2.31448, 0.892038, -0.0459511, 3.97045, 2.0184, 6.99347, 0, 0, 0, 0, 0, 0, 5.26661, 5.08987, -8.15294e-007, 1.07761e-006, -3.39598e-007, -5.21874e-007
4.50616, 9.81511, 0.00712169, 2.31448, 0.892038, -0.0459511, 3.97045, 2.20908, 6.67265, 0, 0, 0, 0, 0, 0, 4.81733, 4.97727, -8.15294e-007, 1.07761e-006, -3.39598e-007, -5.21874e-007
4.60607, 9.81584, 0.00767065, 2.31448, 0.892038, -0.0459511, 3.97045, 1.79, 6.9968, 0, 0, 0, 0, -3.24006e-008, -6.18304e-008, 4.72458, 4.79322, -8.15354e-007, 1.07773e-006, -3.39803e-007, -5.21749e-007
4.70604, 9.81657, 0.00715797, 2.31448, 0.892038, -0.0459511, 3.97045, 2.30353, 6.87857, 0, 0, 0, 0, 2.78185e-008, -2.43257e-007, 5.36043, 4.96178, -8.02946e-007, 1.05659e-006, -2.88551e-007, -5.66975e-007
4.80592, 9.81728, 0.00605415, 2.31448, 0.892038, -0.0459511, 3.97045, 1.96972, 6.85801, 0, 0, 0, 0, 1.69792e-008, -2.67226e-007, 5.24512, 4.97856, -8.01239e-007, 1.05368e-006, -2.81892e-007, -5.73228e-007
4.90599, 9.81787, 0.0063886, 2.31448, 0.892038, -0.0459511, 3.97045, 2.11991, 6.84825, 0, 0, 0, 0, 2.92723e-008, -2.41824e-007, 5.10203, 5.01677, -8.01248e-007, 1.05369e-006, -2.81946e-007, -5.73141e-007
5.00612, 9.81856, 0.00643078, 2.31448, 0.892038, -0.0459511, 3.97045, 1.97432, 7.08402, 0, 0, 0, 0, 4.96551e-008, -2.02627e-007, 5.27803, 4.86793, -8.01104e-007, 1.05344e-006, -2.81516e-007, -5.73292e-007
5.10607, 9.81914, 0.00599493, 2.31448, 0.892038, -0.0459511, 3.97045, 1.96846, 7.14059, 0, 0, 0, 0, 4.64047e-008, -1.90819e-007, 4.89325, 4.94107, -8.02662e-007, 1.05609e-006, -2.86091e-007, -5.73122e-007
5.20602, 9.81978, 0.00664544, 2.31448, 0.892038, -0.0459511, 3.97045, 1.85111, 7.18514, 0, 0, 0, 0, 4.64047e-008, -1.90819e-007, 5.00455, 4.7867, -8.02662e-007, 1.05609e-006, -2.86091e-007, -5.73122e-007
5.30591, 9.82048, 0.00673667, 2.31448, 0.892038, -0.0459511, 3.97045, 2.02027, 6.97579, 0, 0, 0, 0, 3.97653e-008, -2.07509e-007, 4.92276, 5.01407, -8.02217e-007, 1.05534e-006, -2.84984e-007, -5.7157e-007
5.40596, 9.82118, 0.00631969, 2.31448, 0.892038, -0.0459511, 3.97045, 2.28281, 6.96301, 0, 0, 0, 0, 2.43185e-008, -1.15841e-007, 5.2084, 5.20205, -8.07395e-007, 1.06416e-006, -3.10315e-007, -5.42439e-007
5.50585, 9.82178, 0.00666071, 2.31448, 0.892038, -0.0459511, 3.97045, 1.8259, 7.07889, 0, 0, 0, 0, 1.13856e-008, -1.69208e-008, 4.75152, 5.11238, -8.29273e-007, 1.10148e-006, -3.82202e-007, -5.02561e-007
5.60584, 9.82236, 0.00569222, 2.31448, 0.892038, -0.0459511, 3.97045, 1.99472, 7.27175, 0, 0, 0, 0, 1.13856e-008, -1.69208e-008, 4.77957, 4.84595, -8.29273e-007, 1.10148e-006, -3.82202e-007, -5.02561e-007
5.70571, 9.82296, 0.00548649, 2.31448, 0.892038, -0.0459511, 3.97045, 2.16959, 7.08623, 0, 0, 0, 0, 2.68832e-008, -4.55297e-008, 5.14302, 4.83084, -8.26998e-007, 1.0976e-006, -3.74132e-007, -5.07744e-007
5.80574, 9.82342, 0.00469533, 2.31448, 0.892038, -0.0459511, 3.97045, 2.06295, 6.65512, 0, 0, 0, 0, 2.98075e-008, -3.5311e-008, 5.46277, 4.86257, -8.2748e-007, 1.09842e-006, -3.7577e-007, -5.06686e-007
5.90572, 9.8239, 0.00549468, 2.31448, 0.892038, -0.0459511, 3.97045, 1.94399, 7.06158, 0, 0, 0, 0, 3.98982e-008, -2.17384e-008, 5.24612, 4.95318, -8.30355e-007, 1.10333e-006, -3.84832e-007, -5.02346e-007
6.00553, 9.82446, 0.00560434, 2.31448, 0.892038, -0.0459511, 3.97045, 1.9864, 6.96126, 0, 0, 0, 0, 4.28461e-008, -2.85965e-008, 5.24929, 5.16347, -8.29802e-007, 1.10236e-006, -3.8332e-007, -5.06028e-007
6.10547, 9.825, 0.0059584, 2.31448, 0.892038, -0.0459511, 3.97045, 2.05584, 7.06932, 0, 0, 0, 0, 5.22096e-008, -1.85297e-008, 5.04214, 5.21367, -8.28951e-007, 1.10091e-006, -3.80502e-007, -5.07305e-007
6.20539, 9.82561, 0.00635523, 2.31448, 0.892038, -0.0459511, 3.97045, 2.05584, 7.06932, 0, 0, 0, 0, 4.89763e-008, -1.95784e-008, 5.04214, 5.21367, -8.29179e-007, 1.1013e-006, -3.81112e-007, -5.06756e-007
6.30528, 9.82621, 0.00630209, 2.31448, 0.892038, -0.0459511, 3.97045, 2.05584, 7.06932, 0, 0, 0, 0, 4.89763e-008, -1.95784e-008, 5.04214, 5.21367, -8.29179e-007, 1.1013e-006, -3.81112e-007, -5.06756e-007
6.40519, 9.82681, 0.00620493, 2.31448, 0.892038, -0.0459511, 3.97045, 2.05584, 7.06932, 0, 0, 0, 0, 4.89763e-008, -1.95784e-008, 5.04214, 5.21367, -8.29179e-007, 1.1013e-006, -3.81112e-007, -5.06756e-007
6.50521, 9.82639, -0.0248967, 2.31448, 0.892038, -0.0459511, 3.97045, 2.05584, 7.06932, 0, 0, 0, 0, 4.89763e-008, -1.95784e-008, 5.04214, 5.21367, -8.29179e-007, 1.1013e-006, -3.81112e-007, -5.06756e-007
6.60525, 9.8229, -0.0544731, 2.31448, 0.892038, -0.0459511, 3.97045, 2.05584, 7.06932, 0, 0, 0, 0, 5.12468e-008, 3.29916e-009, 5.04214, 5.21367, -8.32381e-007, 1.10675e-006, -3.92316e-007, -5.00492e-007
6.70519, 9.81638, -0.0853086, 2.31448, 0.892038, -0.0459511, 3.97045, 2.05584, 7.06932, 0, 0, 0, 0, 5.12468e-008, 3.29916e-009, 5.04214, 5.21367, -8.32381e-007, 1.10675e-006, -3.92316e-007, -5.00492e-007
6.80465, 9.80682, -0.115291, 2.31448, 0.892038, -0.0459511, 3.97045, 2.05584, 7.06932, 0, 0, 0, 0, 5.12468e-008, 3.29916e-009, 5.04214, 5.21367, -8.32381e-007, 1.10675e-006, -3.92316e-007, -5.00492e-007
6.90381, 9.79436, -0.144791, 2.31448, 0.892038, -0.0459511, 3.97045, 2.05584, 7.06932, 0, 0, 0, 0, 5.12468e-008, 3.29916e-009, 5.04214, 5.21367, -8.32381e-007, 1.10675e-006, -3.92316e-007, -5.00492e-007
7.00243, 9.77895, -0.174823, 2.31448, 0.892038, -0.0459511, 3.97045, 2.05584, 7.06932, 0, 0, 0, 0, 5.12468e-008, 3.29916e-009, 5.04214, 5.21367, -8.32381e-007, 1.10675e-006, -3.92316e-007, -5.00492e-007
7.10072, 9.76062, -0.202996, 2.31448, 0.892038, -0.0459511, 3.97045, 2.05584, 7.06932, 0, 0, 0, 0, 5.12444e-008, -2.63118e-009, 5.04214, 5.21367, -8.31484e-007, 1.10522e-006, -3.89214e-007, -5.02215e-007
7.19831, 9.73945, -0.232176, 2.31448, 0.892038, -0.0459511, 3.97045, 2.05584, 7.06932, 0, 0, 0, 0, 4.58962e-008, -4.21071e-009, 5.04214, 5.21367, -8.31868e-007, 1.10588e-006, -3.90223e-007, -5.01747e-007
7.29515, 9.71562, -0.262042, 2.31448, 0.892038, -0.0459511, 3.97045, 2.05584, 7.06932, 0, 0, 0, 0, 4.44237e-008, -2.30077e-008, 5.04214, 5.21367, -8.29193e-007, 1.10133e-006, -3.80893e-007, -5.06956e-007
7.39148, 9.68872, -0.292858, 2.31448, 0.892038, -0.0459511, 3.97045, 2.05584, 7.06932, 0, 0, 0, 0, 4.45131e-008, -2.03325e-008, 5.04214, 5.21367, -8.29588e-007, 1.102e-006, -3.82262e-007, -5.06194e-007
7.48685, 9.65901, -0.321834, 2.31448, 0.892038, -0.0459511, 3.97045, 2.05584, 7.06932, 0, 0, 0, 0, 3.71169e-008, -2.66733e-008, 5.04214, 5.21367, -8.2949e-007, 1.10184e-006, -3.81483e-007, -5.06755e-007
7.58137, 9.6264, -0.351639, 2.31448, 0.892038, -0.0459511, 3.97045, 2.05584, 7.06932, 0, 0, 0, 0, 3.71169e-008, -2.66733e-008, 5.04214, 5.21367, -8.2949e-007, 1.10184e-006, -3.81483e-007, -5.06755e-007
7.67484, 9.59101, -0.383232, 2.31448, 0.892038, -0.0459511, 3.97045, 2.05584, 7.06932, 0, 0, 0, 0, 3.71169e-008, -2.66733e-008, 5.04214, 5.21367, -8.2949e-007, 1.10184e-006, -3.81483e-007, -5.06755e-007
7.76731, 9.55265, -0.412917, 2.31448, 0.892038, -0.0459511, 3.97045, 2.05584, 7.06932, 0, 0, 0, 0, 3.71169e-008, -2.66733e-008, 5.04214, 5.21367, -8.2949e-007, 1.10184e-006, -3.81483e-007, -5.06755e-007
7.85852, 9.51152, -0.443558, 2.31448, 0.892038, -0.0459511, 3.97045, 2.05584, 7.06932, 0, 0, 0, 0, 3.71169e-008, -2.66733e-008, 5.04214, 5.21367, -8.2949e-007, 1.10184e-006, -3.81483e-007, -5.06755e-007
7.94858, 9.46764, -0.473235, 2.31448, 0.892038, -0.0459511, 3.97045, 2.05584, 7.06932, 0, 0, 0, 0, 3.71169e-008, -2.66733e-008, 5.04214, 5.21367, -8.2949e-007, 1.10184e-006, -3.81483e-007, -5.06755e-007
8.03699, 9.42127, -0.503699, 2.31448, 0.892038, -0.0459511, 3.97045, 2.05584, 7.06932, 0, 0, 10.1754, 4.96974, 3.73378e-008, -2.19259e-008, 5.04214, 5.21367, -8.30172e-007, 1.10302e-006, -3.83881e-007, -5.05408e-007
8.12402, 9.37204, -0.535111, 2.31448, 0.892038, -0.0459511, 3.97045, 2.05584, 7.06932, 0, 0, 10.5676, 5.1155, 3.73378e-008, -2.19259e-008, 5.04214, 5.21367, -8.30172e-007, 1.10302e-006, -3.83881e-007, -5.05408e-007
8.20958, 9.32016, -0.565846, 2.31448, 0.892038, -0.0459511, 3.97045, 2.05584, 7.06932, 0, 0, 10.0222, 4.90442, -1.10139e-008, 7.31992e-008, 5.04214, 5.21367, -8.50227e-007, 1.13717e-006, -4.50289e-007, -4.69403e-007
8.29343, 9.26578, -0.595767, 2.31448, 0.892038, -0.0459511, 3.97045, 2.05584, 7.06932, 0, 0, 9.96671, 4.8634, -8.39857e-009, 7.29635e-008, 5.04214, 5.21367, -8.49883e-007, 1.13659e-006, -4.49264e-007, -4.69924e-007
8.37564, 9.20883, -0.626046, 2.31448, 0.892038, -0.0459511, 3.97045, 2.05584, 7.06932, 0, 0, 10.0354, 4.77189, -2.59577e-008, 1.055e-007, 5.04214, 5.21367, -8.56867e-007, 1.14847e-006, -4.72337e-007, -4.57437e-007
8.45614, 9.14943, -0.655269, 2.31448, 0.892038, -0.0459511, 3.97045, 2.05584, 7.06932, 0, 0, 10.3137, 5.10002, -2.59109e-008, 1.05263e-007, 5.04214, 5.21367, -8.56828e-007, 1.14839e-006, -4.72199e-007, -4.57515e-007
8.53463, 9.08777, -0.685462, 2.31448, 0.892038, -0.0459511, 3.97045, 2.05584, 7.06932, 0, 0, 9.98877, 4.96354, -2.42546e-008, 1.06896e-007, 5.04214, 5.21367, -8.56881e-007, 1.14849e-006, -4.72483e-007, -4.57327e-007
8.61147, 9.02361, -0.715587, 2.31448, 0.892038, -0.0459511, 3.97045, 2.05584, 7.06932, 0, 0, 10.1083, 4.90941, -3.26979e-008, 1.22349e-007, 5.04214, 5.21367, -8.60211e-007, 1.15415e-006, -4.83478e-007, -4.5138e-007
8.68631, 8.9573, -0.746009, 2.31448, 0.892038, -0.0459511, 3.97045, 2.05584, 7.06932, 0, 0, 9.88868, 4.85991, -3.20957e-008, 1.16974e-007, 5.04214, 5.21367, -8.59324e-007, 1.15264e-006, -4.80455e-007, -4.53044e-007
8.75913, 8.88863, -0.775927, 2.31448, 0.892038, -0.0459511, 3.97045, 2.05584, 7.06932, 0, 0, 9.76529, 4.78015, -3.35956e-008, 1.14996e-007, 5.04214, 5.21367, -8.59201e-007, 1.15243e-006, -4.79936e-007, -4.5336e-007
8.82979, 8.81789, -0.804348, 2.31448, 0.892038, -0.0459511, 3.97045, 2.05584, 7.06932, 0, 0, 10.411, 5.11682, -1.62545e-008, 1.13218e-007, 5.04214, 5.21367, -8.56926e-007, 1.14851e-006, -4.73066e-007, -4.56888e-007
8.89828, 8.74524, -0.834787, 2.31448, 0.892038, -0.0459511, 3.97045, 2.05584, 7.06932, 0, 0, 10.047, 5.09795, -1.17978e-008, 8.01569e-008, 5.04214, 5.21367, -8.51402e-007, 1.13909e-006, -4.54235e-007, -4.67269e-007
8.96471, 8.67034, -0.864194, 2.31448, 0.892038, -0.0459511, 3.97045, 2.05584, 7.06932, 0, 0, 9.96807, 4.86398, 4.06651e-009, 5.49446e-008, 5.04214, 5.21367, -8.45734e-007, 1.12943e-006, -4.35591e-007, -4.77344e-007
9.0289, 8.59362, -0.894225, 2.31448, 0.892038, -0.0459511, 3.97045, 2.05584, 7.06932, 0, 0, 10.166, 4.96013, 1.29888e-009, 5.55035e-008, 5.04214, 5.21367, -8.46142e-007, 1.13013e-006, -4.36834e-007, -4.767e-007
9.09071, 8.51508, -0.924025, 2.31448, 0.892038, -0.0459511, 3.97045, 2.05584, 7.06932, 0, 0, 9.66905, 4.8229, 2.63611e-008, 7.84379e-008, 5.04214, 5.21367, -8.46694e-007, 1.13105e-006, -4.40232e-007, -4.74379e-007
9.15003, 8.43478, -0.954824, 2.31448, 0.892038, -0.0459511, 3.97045, 2.05584, 7.06932, 0, 0, 10.0627, 4.82134, 2.58741e-008, 7.97819e-008, 5.04214, 5.21367, -8.46954e-007, 1.13149e-006, -4.41102e-007, -4.73904e-007
9.20694, 8.35262, -0.985569, 2.31448, 0.892038, -0.0459511, 3.97045, 2.05584, 7.06932, 0, 0, 9.82426, 4.86465, 2.30805e-008, 8.11081e-008, 5.04214, 5.21367, -8.4748e-007, 1.13239e-006, -4.42755e-007, -4.73034e-007
9.26129, 8.26881, -1.01503, 2.31448, 0.892038, -0.0459511, 3.97045, 2.05584, 7.06932, 0, 0, 10.1166, 4.91643, 3.23352e-008, 8.6905e-008, 5.04214, 5.21367, -8.47291e-007, 1.13203e-006, -4.42622e-007, -4.72958e-007
9.31329, 8.18321, -1.0451, 2.31448, 0.892038, -0.0459511, 3.97045, 2.05584, 7.06932, 0, 0, 9.88975, 4.95211, 3.07526e-008, 1.01396e-007, 5.04214, 5.21367, -8.49672e-007, 1.13608e-006, -4.50753e-007, -4.68475e-007
9.36271, 8.0961, -1.07553, 2.31448, 0.892038, -0.0459511, 3.97045, 2.05584, 7.06932, 0, 0, 9.87456, 4.78571, 3.07526e-008, 1.01396e-007, 5.04214, 5.21367, -8.49672e-007, 1.13608e-006, -4.50753e-007, -4.68475e-007
9.40934, 8.0076, -1.10556, 2.31448, 0.892038, -0.0459511, 3.97045, 2.05584, 7.06932, 0, 0, 10.1801, 4.88134, 3.14318e-008, 1.01821e-007, 5.04214, 5.21367, -8.49656e-007, 1.13606e-006, -4.50741e-007, -4.68469e-007
9.45332, 7.91772, -1.13513, 2.31448, 0.892038, -0.0459511, 3.97045, 2.05584, 7.06932, 0, 0, 9.86084, 4.85251, 3.05628e-008, 1.03145e-007, 5.04214, 5.21367, -8.49958e-007, 1.13657e-006, -4.51732e-007, -4.67934e-007
9.49469, 7.82665, -1.16417, 2.31448, 0.892038, -0.0459511, 3.97045, 2.05584, 7.06932, 0, 0, 10.2697, 4.85685, 3.00002e-008, 1.03798e-007, 5.04214, 5.21367, -8.50122e-007, 1.13685e-006, -4.52267e-007, -4.67646e-007
9.53335, 7.73442, -1.19497, 2.31448, 0.892038, -0.0459511, 3.97045, 2.05584, 7.06932, 0, 0, 10.1762, 4.98037, 3.42363e-008, 1.0363e-007, 5.04214, 5.21367, -8.49609e-007, 1.13596e-006, -4.50731e-007, -4.68431e-007
9.56919, 7.6411, -1.22434, 2.31448, 0.892038, -0.0459511, 3.97045, 2.05584, 7.06932, 0, 0, 10.0288, 4.93815, 2.40631e-008, 1.20542e-007, 5.04214, 5.21367, -8.53357e-007, 1.14235e-006, -4.63076e-007, -4.61755e-007
9.60216, 7.5469, -1.25466, 2.31448, 0.892038, -0.0459511, 3.97045, 2.05584, 7.06932, 0, 0, 10.037, 4.923, 3.99372e-008, 1.23048e-007, 5.04214, 5.21367, -8.51888e-007, 1.13983e-006, -4.58941e-007, -4.6378e-007
9.63235, 7.45157, -1.2856, 2.31448, 0.892038, -0.0459511, 3.97045, 2.05584, 7.06932, 0, 0, 9.87119, 4.98636, 4.36079e-008, 1.19958e-007, 5.04214, 5.21367, -8.51e-007, 1.1383e-006, -4.56071e-007, -4.65317e-007
9.65944, 7.35548, -1.31508, 2.31448, 0.892038, -0.0459511, 3.97045, 2.05584, 7.06932, 0, 0, 10.0268, 5.00585, 4.39951e-008, 1.20293e-007, 5.04214, 5.21367, -8.51007e-007, 1.13831e-006, -4.56114e-007, -4.65287e-007
9.68375, 7.25858, -1.34604, 2.31448, 0.892038, -0.0459511, 3.97045, 2.05584, 7.06932, 0, 0, 9.94637, 5.01241, 4.52004e-008, 1.20363e-007, 5.04214, 5.21367, -8.50877e-007, 1.13808e-006, -4.55737e-007, -4.65475e-007
9.705, 7.16106, -1.37588, 2.31448, 0.892038, -0.0459511, 3.97045, 2.05584, 7.06932, 0, 0, 10.044, 4.81401, 4.49118e-008, 1.20217e-007, 5.04214, 5.21367, -8.50888e-007, 1.1381e-006, -4.55759e-007, -4.65468e-007
9.72339, 7.06269, -1.40583, 2.31448, 0.892038, -0.0459511, 3.97045, 2.05584, 7.06932, 0, 0, 9.74587, 4.84475, 4.98805e-008, 1.09595e-007, 5.04214, 5.21367, -8.48699e-007, 1.13437e-006, -4.48493e-007, -4.69415e-007
9.73886, 6.96398, -1.43519, 2.31448, 0.892038, -0.0459511, 3.97045, 2.05584, 7.06932, 0, 0, 9.92208, 4.90813, 5.60444e-008, 9.57397e-008, 5.04214, 5.21367, -8.45882e-007, 1.12957e-006, -4.39124e-007, -4.7451e-007
9.75135, 6.86493, -1.46468, 2.31448, 0.892038, -0.0459511, 3.97045, 2.05584, 7.06932, 0, 0, 9.93951, 5.00354, 5.60447e-008, 9.58184e-008, 5.04214, 5.21367, -8.45894e-007, 1.12959e-006, -4.39166e-007, -4.74487e-007
9.76092, 6.76536, -1.49416, 2.31448, 0.892038, -0.0459511, 3.97045, 2.05584, 7.06932, 8.77316, 1.93908, 10.1264, 4.78759, 5.61033e-008, 9.57985e-008, 5.04214, 5.21367, -8.45876e-007, 1.12958e-006, -4.39129e-007, -4.74504e-007
9.76755, 6.66553, -1.5251, 2.31448, 0.892038, -0.0459511, 3.97045, 2.05584, 7.06932, 8.69462, 1.97932, 10.0135, 4.94475, 6.11148e-008, 8.40111e-008, 5.04214, 5.21367, -8.43533e-007, 1.12555e-006, -4.31253e-007, -4.78786e-007
9.7721, 6.56566, -1.52494, 2.31448, 0.892038, -0.0459511, 3.97045, 2.05584, 7.06932, 8.51175, 2.08491, 9.98558, 4.92391, 5.11397e-008, 1.02067e-007, 5.04214, 5.21367, -8.4747e-007, 1.13219e-006, -4.44163e-007, -4.71816e-007
9.77671, 6.4657, -1.52513, 2.31448, 0.892038, -0.0459511, 3.97045, 2.05584, 7.06932, 9.26663, 1.74797, 10.0308, 4.85519, 4.48498e-008, 1.1513e-007, 5.04214, 5.21367, -8.50187e-007, 1.13681e-006, -4.53164e-007, -4.66929e-007
9.78123, 6.36581, -1.52641, 2.31448, 0.892038, -0.0459511, 3.97045, 2.05584, 7.06932, 8.93985, 2.08207, 10.009, 4.85334, -2.00225e-008, 1.02842e-007, 4.91744, 4.927, -8.64527e-007, 1.1613e-006, -5.02686e-007, -4.3905e-007
9.78567, 6.266, -1.52642, 2.31448, 0.892038, -0.0459511, 3.97045, 2.05584, 7.06932, 9.15842, 1.94604, 9.93129, 4.81941, -2.41348e-008, 1.01426e-007, 5.11978, 5.10139, -8.65389e-007, 1.16277e-006, -5.05685e-007, -4.3735e-007
9.79018, 6.1661, -1.52651, 2.31448, 0.892038, -0.0459512, 3.97045, 2.05584, 7.06932, 9.07445, 1.82098, 9.96395, 5.01523, -1.10414e-007, 7.07879e-008, 4.93031, 5.04063, -8.83512e-007, 1.19376e-006, -5.68314e-007, -4.02984e-007
9.79456, 6.06631, -1.52666, 2.31448, 0.892038, -0.0459512, 3.97045, 2.05584, 7.06932, 8.77118, 1.93751, 10.0021, 4.94029, -1.1118e-007, 7.19456e-008, 5.21943, 4.80908, -8.83787e-007, 1.19423e-006, -5.69246e-007, -4.02445e-007
9.79901, 5.96628, -1.52599, 2.31448, 0.892038, -0.0459512, 3.97045, 2.05584, 7.06932, 8.89544, 1.82014, 9.92892, 4.68598, -1.08309e-007, 6.51673e-008, 4.86245, 4.8346, -8.82663e-007, 1.1923e-006, -5.65235e-007, -4.05376e-007
9.8035, 5.86651, -1.52654, 2.31448, 0.892038, -0.0459512, 3.97045, 2.05584, 7.06932, 8.73482, 1.94051, 9.97088, 5.10415, -9.65128e-008, 4.9077e-008, 4.81949, 5.09628, -8.78467e-007, 1.18517e-006, -5.51182e-007, -4.13244e-007
9.80797, 5.76665, -1.52509, 2.31448, 0.892038, -0.0459512, 3.97045, 2.05584, 7.06932, 9.06183, 1.81042, 10.1099, 4.80632, -8.94582e-008, 9.99141e-008, 5.05778, 4.46177, -8.8074e-007, 1.18903e-006, -5.5891e-007, -4.0656e-007
9.81255, 5.66687, -1.52512, 2.31448, 0.892038, -0.0459512, 3.97045, 2.05584, 7.06932, 8.97688, 1.77703, 10.0114, 4.86471, -7.83302e-008, 9.45938e-008, 4.88591, 5.45084, -8.77502e-007, 1.18351e-006, -5.48189e-007, -4.11902e-007
9.81713, 5.56685, -1.52482, 2.31448, 0.892038, -0.0459512, 3.97045, 2.05584, 7.06932, 9.13089, 1.93043, 10.0675, 4.68543, -7.97845e-008, 1.02399e-007, 5.10913, 4.77646, -8.78377e-007, 1.185e-006, -5.51236e-007, -4.09669e-007
9.8217, 5.46675, -1.52616, 2.31448, 0.892038, -0.0459512, 3.97045, 2.05584, 7.06932, 8.68561, 1.97575, 9.98368, 4.76774, -7.38823e-008, 1.38427e-007, 4.89937, 5.0783, -8.79649e-007, 1.18716e-006, -5.55607e-007, -4.05321e-007
9.82623, 5.36695, -1.52598, 2.31448, 0.892038, -0.0459512, 3.97045, 2.05584, 7.06932, 9.20833, 1.88026, 9.98602, 4.94387, -4.97204e-008, 1.48502e-007, 4.91847, 5.0865, -8.74304e-007, 1.17803e-006, -5.37889e-007, -4.13153e-007
9.8307, 5.26692, -1.52686, 2.31448, 0.892038, -0.0459512, 3.97045, 2.05584, 7.06932, 8.81077, 2.00375, 9.99917, 4.93247, -5.60467e-008, 1.53093e-007, 5.03963, 4.86617, -8.76177e-007, 1.18122e-006, -5.44231e-007, -4.09549e-007
9.83512, 5.16707, -1.52672, 2.31448, 0.892038, -0.0459512, 3.97045, 2.05584, 7.06932, 9.0254, 1.88602, 9.96306, 4.94458, -5.40595e-008, 1.73822e-007, 4.91944, 4.72647, -8.77282e-007, 1.1831e-006, -5.47949e-007, -4.06553e-007
9.83953, 5.06704, -1.52694, 2.31448, 0.892038, -0.0459512, 3.97045, 2.05584, 7.06932, 8.93399, 1.80155, 10.0414, 4.80279, -3.95354e-008, 1.93377e-007, 4.9726, 4.58616, -8.7507e-007, 1.17932e-006, -5.40775e-007, -4.08535e-007
9.84387, 4.96706, -1.5273, 2.31448, 0.892038, -0.0459512, 3.97045, 2.05584, 7.06932, 8.98195, 1.88608, 9.95308, 4.89718, -4.56754e-008, 1.72749e-007, 5.11038, 4.993, -8.75386e-007, 1.17984e-006, -5.41412e-007, -4.10423e-007
9.8483, 4.86712, -1.52635, 2.31448, 0.892038, -0.0459512, 3.97045, 2.05584, 7.06932, 9.10149, 1.85338, 9.9128, 4.86939, -3.76036e-008, 1.85302e-007, 5.17352, 5.0407, -8.74433e-007, 1.17819e-006, -5.38122e-007, -4.11609e-007
9.85272, 4.76729, -1.52566, 2.31448, 0.892038, -0.0459512, 3.97045, 2.05584, 7.06932, 9.03375, 1.87131, 10.011, 4.899, -3.7506e-008, 1.84833e-007, 5.16411, 5.07028, -8.74371e-007, 1.17809e-006, -5.37913e-007, -4.11735e-007
9.85725, 4.66737, -1.52529, 2.31448, 0.892038, -0.0459512, 3.97045, 2.05584, 7.06932, 9.07578, 1.80657, 10.0312, 4.91033, -3.72726e-008, 1.84412e-007, 4.79628, 4.83154, -8.74285e-007, 1.17794e-006, -5.37616e-007, -4.11925e-007
9.86173, 4.56732, -1.52586, 2.31448, 0.892038, -0.0459512, 3.97045, 2.05584, 7.06932, 9.03389, 1.82832, 9.94313, 4.77945, -3.77446e-008, 2.00635e-007, 4.97882, 4.69902, -8.75888e-007, 1.18065e-006, -5.42323e-007, -4.10276e-007
9.8663, 4.46742, -1.52522, 2.31448, 0.892038, -0.0459512, 3.97045, 2.05584, 7.06932, 8.82941, 1.93664, 9.91214, 4.66245, -4.53585e-008, 1.83829e-007, 5.00219, 4.81296, -8.76582e-007, 1.18183e-006, -5.44473e-007, -4.10485e-007
9.87085, 4.36755, -1.52492, 2.31448, 0.892038, -0.0459511, 3.97045, 2.05584, 7.06932, 8.88008, 1.72963, 9.98937, 4.83069, -1.3009e-008, 1.48947e-007, 5.02476, 4.95227, -8.66075e-007, 1.16389e-006, -5.087e-007, -4.31516e-007
9.87547, 4.26767, -1.52504, 2.31448, 0.892038, -0.0459511, 3.97045, 2.05584, 7.06932, 9.10365, 2.08795, 9.97873, 4.89896, -2.49661e-008, 1.39291e-007, 4.861, 4.97287, -8.68391e-007, 1.16783e-006, -5.16339e-007, -4.28485e-007
9.88014, 4.16788, -1.52353, 2.31448, 0.892038, -0.0459512, 3.97045, 2.05584, 7.06932, 9.17329, 1.81806, 10.0121, 4.92865, -4.23184e-008, 1.85144e-007, 4.81889, 4.64097, -8.76385e-007, 1.18145e-006, -5.42936e-007, -4.13269e-007
9.88495, 4.0679, -1.52256, 2.31448, 0.892038, -0.0459512, 3.97045, 2.05584, 7.06932, 9.00155, 1.90495, 9.97741, 4.97103, -4.20963e-008, 1.61412e-007, 5.11775, 5.06201, -8.74585e-007, 1.17837e-006, -5.3681e-007, -4.17798e-007
9.88977, 3.96789, -1.52289, 2.31448, 0.892038, -0.0459511, 3.97045, 2.05584, 7.06932, 9.02394, 1.87566, 9.99132, 4.88523, -2.58569e-008, 1.77109e-007, 4.96742, 4.81466, -8.7165e-007, 1.17336e-006, -5.273e-007, -4.20947e-007
9.89457, 3.86811, -1.52186, 2.31448, 0.892038, -0.0459511, 3.97045, 2.05584, 7.06932, 8.98892, 1.91782, 9.99037, 4.84519, -2.57076e-008, 1.77954e-007, 4.96742, 4.81466, -8.71671e-007, 1.17339e-006, -5.27373e-007, -4.20849e-007
9.89943, 3.76827, -1.52234, 2.31448, 0.892038, -0.0459511, 3.97045, 2.05584, 7.06932, 8.83135, 1.83712, 9.97786, 4.81984, -2.69005e-008, 1.71156e-007, 4.96742, 4.81466, -8.72591e-007, 1.17637e-006, -5.27007e-007, -4.22953e-007
9.90431, 3.66834, -1.52189, 2.31448, 0.892038, -0.0459511, 3.97045, 2.05584, 7.06932, 9.03289, 1.99634, 9.98573, 5.07453, -3.12472e-008, 1.8178e-007, 4.96742, 4.81466, -8.73557e-007, 1.17723e-006, -5.33553e-007, -4.18203e-007
9.90913, 3.56843, -1.52189, 2.31448, 0.892038, -0.0459511, 3.97045, 2.05584, 7.06932, 9.01131, 1.91686, 9.93302, 5.00658, -3.11767e-008, 1.89992e-007, 4.96742, 4.81466, -8.73038e-007, 1.17492e-006, -5.35202e-007, -4.15372e-007
9.91403, 3.46879, -1.52172, 2.31448, 0.892038, -0.0459511, 3.97045, 2.05584, 7.06932, 9.06185, 1.82787, 10.0596, 4.83716, -3.09697e-008, 2.01907e-007, 4.96742, 4.81466, -8.73394e-007, 1.17498e-006, -5.37991e-007, -4.12475e-007
9.91894, 3.36891, -1.52167, 2.31448, 0.892038, -0.0459511, 3.97045, 2.05584, 7.06932, 8.98956, 1.7501, 9.94096, 4.9556, -2.06375e-008, 2.11851e-007, 4.96742, 4.81466, -8.70108e-007, 1.16712e-006, -5.31012e-007, -4.12767e-007
9.92379, 3.26915, -1.52312, 2.31448, 0.892038, -0.0459512, 3.97045, 2.05584, 7.06932, 8.88168, 1.86421, 9.90923, 4.87116, -4.20511e-008, 2.35057e-007, 4.96742, 4.81466, -8.77123e-007, 1.18009e-006, -5.55139e-007, -4.00342e-007
9.92869, 3.16933, -1.52232, 2.31448, 0.892038, -0.0459512, 3.97045, 2.05584, 7.06932, 8.97761, 2.07824, 9.96596, 4.83055, -4.03048e-008, 2.43468e-007, 4.96742, 4.81466, -8.75992e-007, 1.17614e-006, -5.55078e-007, -3.97759e-007
9.93357, 3.06951, -1.52215, 2.31448, 0.892038, -0.0459512, 3.97045, 2.05584, 7.06932, 8.99745, 1.87794, 10.0226, 4.8566, -4.08121e-008, 2.43901e-007, 4.96742, 4.81466, -8.76038e-007, 1.1762e-006, -5.55693e-007, -3.97387e-007
9.93849, 2.9698, -1.52057, 2.31448, 0.892038, -0.0459512, 3.97045, 2.05584, 7.06932, 8.9656, 1.84783, 10.0865, 4.88128, -4.75411e-008, 2.5246e-007, 4.96742, 4.81466, -8.78037e-007, 1.17949e-006, -5.63585e-007, -3.9279e-007
9.9435, 2.86987, -1.52078, 2.31448, 0.892038, -0.0459512, 3.97045, 2.05584, 7.06932, 8.94181, 1.91011, 10.127, 4.95017, -4.75411e-008, 2.5246e-007, 4.96742, 4.81466, -8.78037e-007, 1.17949e-006, -5.63585e-007, -3.9279e-007
9.9485, 2.76992, -1.52127, 2.31448, 0.892038, -0.0459512, 3.97045, 2.05584, 7.06932, 8.99245, 1.97194, 9.85209, 4.84495, -5.06184e-008, 2.55501e-007, 4.96742, 4.81466, -8.79177e-007, 1.18153e-006, -5.66948e-007, -3.91085e-007
9.95348, 2.67012, -1.52087, 2.31448, 0.892038, -0.0459512, 3.97045, 2.05584, 7.06932, 9.02737, 1.87953, 9.93626, 4.94802, -5.05726e-008, 2.28328e-007, 4.96742, 4.81466, -8.80478e-007, 1.1887e-006, -5.61812e-007, -4.00392e-007
9.95852, 2.5701, -1.52068, 2.31448, 0.892038, -0.0459512, 3.97045, 2.05584, 7.06932, 8.97069, 1.91142, 10.028, 4.97464, -5.05726e-008, 2.28328e-007, 4.96742, 4.81466, -8.80478e-007, 1.1887e-006, -5.61812e-007, -4.00392e-007
9.96357, 2.47019, -1.52021, 2.31448, 0.892038, -0.0459512, 3.97045, 2.05584, 7.06932, 9.15992, 1.94054, 10.0305, 4.75476, -4.81236e-008, 2.25445e-007, 4.96742, 4.81466, -8.79622e-007, 1.18722e-006, -5.58992e-007, -4.01922e-007
9.96866, 2.37029, -1.5196, 2.31448, 0.892038, -0.0459512, 3.97045, 2.05584, 7.06932, 9.02523, 1.84707, 10.0163, 4.96358, -4.82179e-008, 2.25316e-007, 4.96742, 4.81466, -8.79629e-007, 1.18727e-006, -5.59038e-007, -4.01925e-007
9.97379, 2.27045, -1.51856, 2.31448, 0.892038, -0.0459512, 3.97045, 2.05584, 7.06932, 9.0128, 1.85197, 9.8952, 4.81174, -5.04288e-008, 2.28108e-007, 4.96742, 4.81466, -8.804e-007, 1.18856e-006, -5.61622e-007, -4.00483e-007
9.97903, 2.17051, -1.51818, 2.31448, 0.892038, -0.0459512, 3.97045, 2.05584, 7.06932, 9.02732, 1.95583, 10.1625, 5.11828, -4.86672e-008, 2.2643e-007, 4.96742, 4.81466, -8.79831e-007, 1.18753e-006, -5.59697e-007, -4.01482e-007
9.98428, 2.0708, -1.51837, 2.31448, 0.892038, -0.0459512, 3.97045, 2.05584, 7.06932, 8.97394, 1.91553, 9.80636, 4.85541, -3.5376e-008, 2.10424e-007, 4.96742, 4.81466, -8.75263e-007, 1.17975e-006, -5.44358e-007, -4.09941e-007
9.9895, 1.97088, -1.51906, 2.31448, 0.892038, -0.0459512, 3.97045, 2.05584, 7.06932, 8.92378, 1.83411, 9.87821, 4.96225, -3.5376e-008, 2.10424e-007, 4.96742, 4.81466, -8.75263e-007, 1.17975e-006, -5.44358e-007, -4.09941e-007
9.99468, 1.87081, -1.5186, 2.31448, 0.892038, -0.0459512, 3.97045, 2.05584, 7.06932, 9.05794, 1.85481, 9.99128, 4.96989, -3.33179e-008, 2.0777e-007, 4.96742, 4.81466, -8.74542e-007, 1.17855e-006, -5.41941e-007, -4.11299e-007
9.99988, 1.7709, -1.51842, 2.31448, 0.892038, -0.0459512, 3.97045, 2.05584, 7.06932, 8.98087, 1.87801, 10.0469, 4.92983, -3.33179e-008, 2.0777e-007, 4.96742, 4.81466, -8.74542e-007, 1.17855e-006, -5.41941e-007, -4.11299e-007
10.0051, 1.67089, -1.51889, 2.31448, 0.892038, -0.0459512, 3.97045, 2.05584, 7.06932, 9.0218, 1.89285, 10.1934, 4.93273, -4.58938e-008, 2.2076e-007, 4.96742, 4.81466, -8.78694e-007, 1.18594e-006, -5.55933e-007, -4.03889e-007
10.0103, 1.57162, -1.72115, 2.31448, 0.892038, -0.0459512, 3.97045, 2.05584, 7.06932, 8.91715, 1.93925, 10.1145, 4.84569, -5.07863e-008, 2.25812e-007, 4.96742, 4.81466, -8.80309e-007, 1.18882e-006, -5.61376e-007, -4.01007e-007
9.99528, 1.47247, -1.92091, 2.31448, 0.892038, -0.0459512, 3.97045, 2.05584, 7.06932, 9.14172, 1.79509, 9.8998, 4.92605, -7.63412e-008, 2.56602e-007, 4.96742, 4.81466, -8.89092e-007, 1.20378e-006, -5.9087e-007, -3.84738e-007
9.96099, 1.37876, -2.12153, 2.31448, 0.892038, -0.0459512, 3.97045, 2.05584, 7.06932, 9.02933, 1.98661, 10.3005, 4.84168, -1.01787e-007, 2.84279e-007, 4.96742, 4.81466, -8.97603e-007, 1.21872e-006, -6.19518e-007, -3.69361e-007
9.90884, 1.29389, -2.32198, 2.31448, 0.892038, -0.0459512, 3.97045, 2.05584, 7.06932, 8.99206, 1.89326, 10.4465, 4.68902, -4.43567e-008, 2.21442e-007, 4.96742, 4.81466, -8.78365e-007, 1.185e-006, -5.54772e-007, -4.04169e-007
9.84041, 1.22053, -2.52298, 2.31448, 0.892038, -0.0459512, 3.97045, 2.05584, 7.06932, 8.85132, 1.91483, 9.81713, 4.80249, -3.35893e-008, 2.10341e-007, 4.96742, 4.81466, -8.74812e-007, 1.17866e-006, -5.42798e-007, -4.10507e-007
9.75872, 1.16243, -2.72398, 2.31448, 0.892038, -0.0459512, 3.97045, 2.05584, 7.06932, 9.02157, 1.78395, 9.73518, 4.8073, -3.35893e-008, 2.10341e-007, 4.96742, 4.81466, -8.74812e-007, 1.17866e-006, -5.42798e-007, -4.10507e-007
9.66752, 1.12201, -2.92417, 2.31448, 0.892038, -0.0459512, 3.97045, 2.05584, 7.06932, 8.99918, 1.8559, 9.91289, 4.82744, -3.41141e-008, 2.10929e-007, 4.96742, 4.81466, -8.74989e-007, 1.17897e-006, -5.43393e-007, -4.10185e-007
9.56957, 1.10035, -3.12546, 2.31448, 0.892038, -0.0459512, 3.97045, 2.05584, 7.06932, 8.90514, 1.79235, 9.94409, 4.81095, -4.09005e-008, 1.99797e-007, 4.96742, 4.81466, -8.77921e-007, 1.18749e-006, -5.47672e-007, -4.12293e-007
9.46952, 1.09873, -3.17636, 2.31448, 0.892038, -0.0459512, 3.97045, 2.05584, 7.06932, 8.98571, 1.89523, 10.2696, 4.7885, -5.22282e-008, 2.08224e-007, 4.96742, 4.81466, -8.82058e-007, 1.19544e-006, -5.59658e-007, -4.06863e-007
9.36954, 1.10222, -3.17594, 2.31448, 0.892038, -0.0459512, 3.97045, 2.05584, 7.06932, 8.99466, 1.80206, 10.2113, 4.91166, -5.71456e-008, 2.00139e-007, 4.96742, 4.81466, -8.84019e-007, 1.20145e-006, -5.63094e-007, -4.0831e-007
9.26946, 1.10564, -3.17601, 2.31448, 0.892038, -0.0459512, 3.97045, 2.05584, 7.06932, 9.03269, 1.7771, 10.0441, 4.91926, -6.07382e-008, 1.91963e-007, 4.96742, 4.81466, -8.85387e-007, 1.20618e-006, -5.65323e-007, -4.1005e-007
9.16965, 1.10898, -3.17493, 2.31448, 0.892038, -0.0459512, 3.97045, 2.05584, 7.06932, 8.94456, 1.89549, 9.98159, 5.04525, -3.89598e-008, 1.69322e-007, 4.96742, 4.81466, -8.78581e-007, 1.19375e-006, -5.40173e-007, -4.23134e-007
9.0696, 1.11227, -3.17438, 2.31448, 0.892038, -0.0459512, 3.97045, 2.05584, 7.06932, 9.00023, 1.86652, 9.67524, 4.95748, -6.25347e-008, 2.03775e-007, 4.96742, 4.81466, -8.85978e-007, 1.20533e-006, -5.68844e-007, -4.05839e-007
8.96954, 1.11552, -3.17446, 2.31448, 0.892038, -0.0459512, 3.97045, 2.05584, 7.06932, 8.99287, 1.86531, 9.98116, 4.82593, -6.46743e-008, 1.95328e-007, 4.96742, 4.81466, -8.86859e-007, 1.20898e-006, -5.69706e-007, -4.08042e-007
8.86949, 1.11882, -3.17468, 2.31448, 0.892038, -0.0459512, 3.97045, 2.05584, 7.06932, 8.9149, 1.85545, 10.2234, 4.81623, -7.20799e-008, 1.93145e-007, 4.96742, 4.81466, -8.89423e-007, 1.21547e-006, -5.76561e-007, -4.06852e-007
8.76963, 1.12213, -3.17448, 2.31448, 0.892038, -0.0459512, 3.97045, 2.05584, 7.06932, 8.94308, 1.80769, 9.84018, 4.98367, -6.90412e-008, 2.07475e-007, 4.96742, 4.81466, -8.87718e-007, 1.20925e-006, -5.76303e-007, -4.02744e-007
8.66971, 1.12545, -3.17529, 2.31448, 0.892038, -0.0459512, 3.97045, 2.05584, 7.06932, 9.03836, 1.93709, 10.3178, 5.17612, -7.21633e-008, 2.28224e-007, 4.96742, 4.81466, -8.88142e-007, 1.20683e-006, -5.82931e-007, -3.95038e-007
8.56962, 1.1288, -3.17502, 2.31448, 0.892038, -0.0459512, 3.97045, 2.05584, 7.06932, 9.01759, 1.8231, 10.102, 4.88928, -4.68856e-008, 1.88907e-007, 4.96742, 4.81466, -8.80319e-007, 1.19514e-006, -5.52024e-007, -4.14388e-007
8.46961, 1.13219, -3.17554, 2.31448, 0.892038, -0.0459512, 3.97045, 2.05584, 7.06932, 8.95409, 1.80104, 9.97852, 4.76975, -4.68856e-008, 1.88907e-007, 4.96742, 4.81466, -8.80319e-007, 1.19514e-006, -5.52024e-007, -4.14388e-007
8.36965, 1.13552, -3.17438, 2.31448, 0.892038, -0.0459512, 3.97045, 2.05584, 7.06932, 8.96258, 1.81673, 9.87919, 5.0465, -4.70453e-008, 1.83398e-007, 4.96742, 4.81466, -8.80878e-007, 1.19709e-006, -5.50988e-007, -4.16357e-007
8.26971, 1.1388, -3.1749, 2.31448, 0.892038, -0.0459512, 3.97045, 2.05584, 7.06932, 8.98561, 1.94913, 10.3688, 4.72063, -5.48321e-008, 1.8058e-007, 4.96742, 4.81466, -8.83599e-007, 1.20404e-006, -5.58043e-007, -4.15285e-007
8.16976, 1.1421, -3.17508, 2.31448, 0.892038, -0.0459512, 3.97045, 2.05584, 7.06932, 9.00348, 1.90466, 10.263, 4.73936, -4.87492e-008, 1.76665e-007, 4.97553, 4.88805, -8.84823e-007, 1.20899e-006, -5.5188e-007, -4.21227e-007
8.06982, 1.14539, -3.17506, 2.31448, 0.892038, -0.0459512, 3.97045, 2.05584, 7.06932, 8.9889, 1.91554, 10.1396, 4.85363, -5.06771e-008, 1.89954e-007, 4.83317, 4.91597, -8.84325e-007, 1.20482e-006, -5.5545e-007, -4.15129e-007
7.96987, 1.14877, -3.17465, 2.31448, 0.892038, -0.0459512, 3.97045, 2.05584, 7.06932, 8.8139, 1.85703, 10.01, 4.98452, -5.38895e-008, 2.06752e-007, 4.93327, 5.07413, -8.85709e-007, 1.20569e-006, -5.61628e-007, -4.09638e-007
7.86976, 1.15206, -3.17461, 2.31448, 0.892038, -0.0459512, 3.97045, 2.05584, 7.06932, 9.07318, 1.97957, 9.85837, 4.8862, -5.38895e-008, 2.06752e-007, 5.02709, 5.04287, -8.85709e-007, 1.20569e-006, -5.61628e-007, -4.09638e-007
7.76999, 1.15528, -3.17375, 2.31448, 0.892038, -0.0459512, 3.97045, 2.05584, 7.06932, 9.03641, 1.80224, 9.71696, 4.84933, -2.49684e-008, 1.9455e-007, 4.79676, 5.04022, -8.77499e-007, 1.18949e-006, -5.32158e-007, -4.22573e-007
7.67003, 1.15844, -3.1728, 2.31448, 0.892038, -0.0459512, 3.97045, 2.05584, 7.06932, 9.06844, 1.94624, 9.86332, 5.07115, -4.23559e-008, 2.16707e-007, 5.21515, 5.09699, -8.88184e-007, 1.21326e-006, -5.53528e-007, -4.16451e-007
7.57008, 1.16159, -3.17267, 2.31448, 0.892038, -0.0459512, 3.97045, 2.05584, 7.06932, 8.9081, 1.76296, 9.77066, 5.02669, -4.23559e-008, 2.16707e-007, 5.24367, 5.2372, -8.88184e-007, 1.21326e-006, -5.53528e-007, -4.16451e-007
7.47012, 1.16473, -3.17251, 2.31448, 0.892038, -0.0459512, 3.97045, 2.05584, 7.06932, 8.81767, 1.95188, 10.2025, 4.67372, -5.09323e-008, 2.23486e-007, 4.79254, 4.98432, -8.93151e-007, 1.22513e-006, -5.63575e-007, -4.14583e-007
7.37009, 1.16771, -3.17118, 2.31448, 0.892038, -0.0459512, 3.97045, 2.05584, 7.06932, 8.84832, 1.90581, 9.8225, 5.1054, -1.52538e-007, 3.95387e-007, 5.75234, 5.26871, -9.32008e-007, 1.28853e-006, -6.89641e-007, -3.39299e-007
7.27003, 1.17068, -3.17107, 2.31448, 0.892038, -0.0459512, 3.97045, 2.05584, 7.06932, 8.94476, 1.92711, 9.7168, 4.8906, -1.62916e-007, 4.17772e-007, 4.87917, 4.79594, -9.32065e-007, 1.28296e-006, -7.02383e-007, -3.25753e-007
7.17019, 1.1736, -3.17005, 2.31448, 0.892038, -0.0459512, 3.97045, 2.05584, 7.06932, 9.03281, 2.05153, 9.99566, 4.68209, -1.79782e-007, 4.33686e-007, 5.02266, 5.04979, -9.36451e-007, 1.28979e-006, -7.20764e-007, -3.15075e-007
7.0702, 1.17632, -3.16871, 2.31448, 0.892038, -0.0459512, 3.97045, 2.05584, 7.06932, 8.98879, 1.86392, 9.9037, 4.89684, -1.90014e-007, 4.37955e-007, 5.24061, 5.1877, -9.40201e-007, 1.29765e-006, -7.31067e-007, -3.1115e-007
6.97028, 1.179, -3.16905, 2.31448, 0.892038, -0.0459512, 3.97045, 2.05584, 7.06932, 8.92868, 1.81675, 9.88735, 5.00997, -1.92509e-007, 4.40392e-007, 4.90742, 4.92401, -9.38911e-007, 1.29326e-006, -7.33543e-007, -3.07526e-007
6.87019, 1.18173, -3.16869, 1.89233, 1.25979, -0.0459512, 3.97045, 2.05584, 7.06932, 8.93571, 2.06997, 9.97567, 4.74367, -1.82786e-007, 4.30611e-007, 4.79178, 4.96467, -9.35642e-007, 1.28751e-006, -7.22489e-007, -3.14774e-007
6.7703, 1.18442, -3.16754, 1.85441, 1.03107, -0.0459512, 3.97045, 2.05584, 7.06932, 8.82569, 1.90647, 9.84706, 5.0621, -2.00176e-007, 4.1805e-007, 4.8062, 4.6937, -9.46797e-007, 1.29654e-006, -7.37156e-007, -3.14638e-007
6.67028, 1.18698, -3.16625, 1.98065, 0.803704, -0.0459513, 3.97045, 2.05584, 7.06932, 8.84354, 1.83324, 10.2046, 4.55365, -2.053e-007, 4.18168e-007, 4.85305, 4.70211, -9.4768e-007, 1.31064e-006, -7.42567e-007, -3.13429e-007
6.57041, 1.18942, -3.16717, 2.09898, 0.97853, -0.0459513, 3.97045, 2.05584, 7.06932, 8.87374, 1.8546, 10.2046, 4.55365, -2.0459e-007, 4.18063e-007, 4.97154, 5.16245, -9.47723e-007, 1.30905e-006, -7.41888e-007, -3.14043e-007
6.4706, 1.19197, -3.16725, 2.01405, 1.2196, -0.0459513, 3.97045, 2.05584, 7.06932, 8.93157, 1.91024, 10.2046, 4.55365, -2.03801e-007, 4.19926e-007, 4.97902, 4.92126, -9.49539e-007, 1.302e-006, -7.41586e-007, -3.16058e-007
6.37062, 1.19456, -3.16767, 1.75927, 0.898156, -0.0459512, 3.97045, 2.05584, 7.06932, 8.7698, 2.03882, 10.2046, 4.55365, -1.91785e-007, 4.14821e-007, 4.84077, 4.98058, -9.42391e-007, 1.30109e-006, -7.29126e-007, -3.19687e-007
6.27057, 1.19721, -3.16814, 2.02882, 1.29249, -0.0459512, 3.97045, 2.05584, 7.06932, 8.97201, 1.83959, 10.2046, 4.55365, -1.71741e-007, 3.94769e-007, 4.78131, 4.79671, -9.34385e-007, 1.29056e-006, -7.06943e-007, -3.33678e-007
6.17068, 1.19989, -3.16806, 1.8097, 1.09114, -0.0459512, 3.97045, 2.05584, 7.06932, 9.00192, 2.09544, 10.2046, 4.55365, -1.8731e-007, 4.18505e-007, 4.65556, 4.77488, -9.38343e-007, 1.29335e-006, -7.25101e-007, -3.18065e-007
6.07056, 1.20249, -3.16768, 1.85955, 1.17542, -0.0459512, 3.97045, 2.05584, 7.06932, 8.95434, 1.93878, 10.2046, 4.55365, -1.87149e-007, 4.18141e-007, 4.70793, 4.76641, -9.38001e-007, 1.294e-006, -7.24867e-007, -3.17938e-007
5.97065, 1.20513, -3.16789, 1.94109, 0.768548, -0.0459512, 3.97045, 2.05584, 7.06932, 8.98373, 2.16002, 10.2046, 4.55365, -1.58264e-007, 3.5885e-007, 5.15714, 5.13428, -9.36501e-007, 1.27141e-006, -6.88233e-007, -3.45771e-007
5.87071, 1.20764, -3.16695, 1.84716, 1.1482, -0.0459512, 3.97045, 2.05584, 7.06932, 8.98695, 2.02095, 10.2046, 4.55365, -1.42844e-007, 3.48412e-007, 4.91672, 4.74887, -9.31733e-007, 1.25989e-006, -6.71531e-007, -3.52107e-007
5.77067, 1.21019, -3.16826, 1.77992, 0.745269, -0.0459512, 3.97045, 2.05584, 7.06932, 8.99103, 1.76631, 10.2046, 4.55365, -1.48274e-007, 3.61164e-007, 4.90197, 5.0352, -9.33579e-007, 1.26372e-006, -6.78552e-007, -3.44917e-007
5.6708, 1.21268, -3.16707, 1.79771, 0.9911, -0.0459512, 3.97045, 2.05584, 7.06932, 8.98229, 1.93856, 10.2046, 4.55365, -1.51346e-007, 3.70988e-007, 4.97411, 5.14913, -9.34899e-007, 1.2658e-006, -6.82876e-007, -3.39645e-007
5.57074, 1.21515, -3.16665, 1.99632, 0.805212, -0.0459512, 3.97045, 2.05584, 7.06932, 8.70782, 2.04485, 10.2046, 4.55365, -1.52859e-007, 3.71042e-007, 4.9632, 4.87598, -9.36073e-007, 1.26979e-006, -6.84507e-007, -3.40093e-007
5.47089, 1.21765, -3.36646, 1.9594, 0.963558, -0.0459512, 3.97045, 2.05584, 7.06932, 8.88724, 1.84988, 10.2046, 4.55365, -1.37542e-007, 3.42678e-007, 5.17783, 4.93906, -9.35142e-007, 1.25054e-006, -6.64889e-007, -3.49444e-007
5.37328, 1.23992, -3.56791, 2.03781, 0.603822, -0.0459512, 3.97045, 2.05584, 7.06932, 8.81968, 2.17235, 10.2046, 4.55365, -1.38592e-007, 3.50535e-007, 5.01166, 4.90565, -9.29235e-007, 1.26679e-006, -6.66862e-007, -3.42545e-007
5.28236, 1.28103, -3.77032, 2.03643, 0.712023, -0.0459512, 3.97045, 2.05584, 7.06932, 8.77516, 1.98583, 10.2046, 4.55365, -1.45332e-007, 3.48691e-007, 4.65302, 4.89292, -9.32184e-007, 1.27261e-006, -6.73009e-007, -3.40141e-007
5.20131, 1.34001, -3.97136, 2.14743, 0.886446, -0.0459512, 3.97045, 2.05584, 7.06932, 9.01795, 1.87594, 10.2046, 4.55365, -1.67137e-007, 3.64967e-007, 5.07417, 4.83009, -9.37295e-007, 1.29499e-006, -6.96274e-007, -3.24762e-007
5.13352, 1.4142, -4.1734, 2.13271, 0.989351, -0.0459512, 3.97045, 2.05584, 7.06932, 9.02187, 2.16866, 10.2046, 4.55365, -1.6959e-007, 3.70205e-007, 4.66573, 4.87618, -9.29612e-007, 1.31221e-006, -6.99154e-007, -3.1796e-007
5.0823, 1.49984, -4.37198, 1.98414, 0.953014, -0.0459512, 3.97045, 2.05584, 7.06932, 8.91637, 1.81747, 10.2046, 4.55365, -1.78807e-007, 3.71846e-007, 4.93938, 4.95644, -9.30486e-007, 1.32585e-006, -7.07986e-007, -3.10714e-007
5.04868, 1.59451, -4.5689, 1.85841, 1.01949, -0.0459512, 3.97045, 2.05584, 7.06932, 8.95982, 1.76098, 10.2046, 4.55365, -1.8786e-007, 3.83319e-007, 4.78735, 4.87979, -9.31382e-007, 1.33338e-006, -7.18213e-007, -3.01719e-007
5.03438, 1.69352, -4.72023, 1.87231, 0.932316, -0.0459512, 3.97045, 2.05584, 7.06932, 8.85016, 2.14344, 10.2046, 4.55365, -1.68586e-007, 3.45594e-007, 5.03116, 5.03201, -9.24683e-007, 1.32422e-006, -6.93249e-007, -3.12928e-007
5.03516, 1.79311, -4.71988, 1.98581, 1.15122, -0.0459512, 3.97045, 2.05584, 7.06932, 8.95909, 1.59476, 10.2046, 4.55365, -1.65765e-007, 3.43506e-007, 5.13189, 4.79652, -9.21186e-007, 1.3275e-006, -6.89984e-007, -3.11765e-007
5.03601, 1.89307, -4.72048, 1.96293, 0.873693, -0.0459512, 3.97045, 2.05584, 7.06932, 9.08343, 1.71507, 10.2046, 4.55365, -2.14674e-007, 3.89017e-007, 4.714, 5.00159, -9.40224e-007, 1.3568e-006, -7.4436e-007, -2.81867e-007
5.03683, 1.99312, -4.72019, 1.85993, 1.19051, -0.0459512, 3.97045, 2.05584, 7.06932, 8.87054, 1.7322, 10.2046, 4.55365, -2.29118e-007, 3.89549e-007, 5.3363, 5.11009, -9.48543e-007, 1.36775e-006, -7.58461e-007, -2.76532e-007
5.03752, 2.09328, -4.71926, 1.8967, 0.96042, -0.0459512, 3.97045, 2.05584, 7.06932, 9.0339, 1.91554, 10.2046, 4.55365, -2.19386e-007, 3.90284e-007, 4.99202, 5.12962, -9.39805e-007, 1.3645e-006, -7.48625e-007, -2.74221e-007
5.03823, 2.19319, -4.71908, 1.87838, 0.960416, -0.0459512, 3.97045, 2.05584, 7.06932, 8.88649, 2.04796, 10.2046, 4.55365, -2.04211e-007, 3.70414e-007, 5.02057, 5.00027, -9.31425e-007, 1.36469e-006, -7.30719e-007, -2.80997e-007
5.03888, 2.29327, -4.7188, 2.08674, 0.804284, -0.0459512, 3.97045, 2.05584, 7.06932, 8.96125, 1.65044, 10.2046, 4.55365, -2.19734e-007, 3.88674e-007, 4.90564, 4.86098, -9.35195e-007, 1.37811e-006, -7.48327e-007, -2.6824e-007
5.03946, 2.39333, -4.71811, 2.0206, 0.67035, -0.0459512, 3.97045, 2.05584, 7.06932, 9.0927, 2.0604, 10.2046, 4.55365, -2.35244e-007, 4.22047e-007, 4.97162, 5.0056, -9.32476e-007, 1.39945e-006, -7.68025e-007, -2.48832e-007
5.04004, 2.49342, -4.71842, 2.04139, 0.863654, -0.0459512, 3.97045, 2.05584, 7.06932, 9.18141, 2.00801, 10.2046, 4.55365, -2.47963e-007, 4.26691e-007, 4.94729, 4.85071, -9.38316e-007, 1.40672e-006, -7.81059e-007, -2.43751e-007
5.04066, 2.59349, -4.71874, 1.93351, 0.985625, -0.0459512, 3.97045, 2.05584, 7.06932, 8.83827, 1.79245, 10.2046, 4.55365, -2.40503e-007, 4.25206e-007, 5.00527, 4.90486, -9.36295e-007, 1.40405e-006, -7.7337e-007, -2.44468e-007
5.04127, 2.69345, -4.71808, 1.91576, 0.934114, -0.0459512, 3.97045, 2.05584, 7.06932, 9.1995, 1.95632, 10.2046, 4.55365, -2.41564e-007, 4.31658e-007, 4.98041, 5.10652, -9.39731e-007, 1.40339e-006, -7.75324e-007, -2.41614e-007
5.04192, 2.79347, -4.71852, 2.14175, 0.835224, -0.0459512, 3.97045, 2.05584, 7.06932, 9.00548, 2.03692, 10.2046, 4.55365, -2.44395e-007, 4.24341e-007, 5.02027, 4.95751, -9.409e-007, 1.4093e-006, -7.76763e-007, -2.40391e-007
5.04253, 2.89342, -4.71867, 1.86027, 0.979112, -0.0459512, 3.97045, 2.05584, 7.06932, 8.78319, 1.66554, 10.2046, 4.55365, -2.32565e-007, 4.01487e-007, 5.12685, 4.82349, -9.36433e-007, 1.40555e-006, -7.61485e-007, -2.47055e-007
5.04315, 2.99338, -4.71945, 2.06562, 0.641929, -0.0459512, 3.97045, 2.05584, 7.06932, 8.98112, 2.12621, 10.2046, 4.55365, -2.26828e-007, 3.85585e-007, 5.16113, 5.13477, -9.34484e-007, 1.40289e-006, -7.53458e-007, -2.52976e-007
5.0439, 3.09341, -4.72008, 2.11128, 0.818663, -0.0459512, 3.97045, 2.27274, 7.06845, 8.93471, 2.17742, 10.2046, 4.55365, -2.19589e-007, 3.7428e-007, 5.06727, 4.97935, -9.31304e-007, 1.39966e-006, -7.4458e-007, -2.55742e-007
5.04464, 3.19349, -4.71886, 2.29833, 0.48189, -0.0459512, 3.97045, 2.45768, 7.20502, 8.8151, 2.23737, 10.2046, 4.55365, -2.22317e-007, 3.87633e-007, 5.01024, 5.06523, -9.33351e-007, 1.403e-006, -7.49082e-007, -2.49802e-007
5.04522, 3.29338, -4.7179, 1.91842, 0.98355, -0.0459512, 3.97045, 2.03016, 6.90677, 8.91772, 2.03635, 10.2046, 4.55365, -2.0362e-007, 3.72422e-007, 5.02912, 4.91899, -9.28395e-007, 1.3937e-006, -7.28633e-007, -2.58546e-007
5.04578, 3.39347, -4.71831, 2.14438, 0.602707, -0.0459512, 3.97045, 1.99729, 6.77569, 9.05571, 1.72392, 10.2046, 4.55365, -2.21235e-007, 3.90065e-007, 4.8435, 4.85583, -9.33442e-007, 1.4058e-006, -7.48503e-007, -2.46823e-007
5.04641, 3.4935, -4.71939, 1.85344, 1.16119, -0.0459512, 3.97045, 2.19661, 6.93181, 9.09474, 1.9539, 10.2046, 4.55365, -2.29304e-007, 3.97856e-007, 4.90308, 5.03947, -9.36025e-007, 1.41136e-006, -7.5748e-007, -2.40912e-007
5.0471, 3.59345, -4.71952, 1.86722, 0.805041, -0.0459512, 3.97045, 1.99489, 6.90478, 8.96381, 1.7871, 10.2046, 4.55365, -2.42594e-007, 4.1151e-007, 4.97611, 5.09669, -9.39025e-007, 1.42075e-006, -7.7241e-007, -2.30661e-007
5.04782, 3.69332, -4.71907, 1.95913, 0.915487, -0.0459512, 3.97045, 1.88317, 6.95384, 9.12088, 1.91547, 10.2046, 4.55365, -2.17419e-007, 3.91176e-007, 4.945, 4.73242, -9.29983e-007, 1.40765e-006, -7.4487e-007, -2.42019e-007
5.04851, 3.7932, -4.71927, 1.90308, 0.737446, -0.0459512, 3.97045, 1.91161, 6.88904, 9.12073, 2.01301, 10.2046, 4.55365, -2.13026e-007, 3.84339e-007, 5.05202, 4.81371, -9.27275e-007, 1.40732e-006, -7.39687e-007, -2.43865e-007
5.04922, 3.89295, -4.71977, 1.98323, 0.987415, -0.0459512, 3.97045, 1.877, 6.73966, 8.94757, 2.1054, 10.2046, 4.55365, -2.24491e-007, 3.95091e-007, 5.01392, 5.0575, -9.29958e-007, 1.41661e-006, -7.52591e-007, -2.36082e-007
5.05001, 3.99292, -4.71945, 1.84957, 0.975002, -0.0459512, 3.97045, 2.11503, 6.86811, 9.13099, 2.29869, 10.2046, 4.55365, -1.47707e-007, 3.1797e-007, 4.955, 4.86581, -9.02824e-007, 1.37483e-006, -6.66245e-007, -2.80077e-007
5.0507, 4.093, -4.71926, 2.10271, 0.810668, -0.0459511, 3.97045, 2.14159, 6.76613, 9.01737, 1.94646, 10.1335, 4.93063, -1.12135e-007, 2.89879e-007, 5.00317, 4.90599, -8.86714e-007, 1.35e-006, -6.23536e-007, -2.81991e-007
5.05137, 4.19299, -4.7189, 1.92013, 1.0574, -0.0459511, 3.97045, 2.11172, 6.87939, 8.96241, 1.95015, 10.0858, 5.51755, -1.20409e-007, 2.99027e-007, 4.97071, 4.92292, -8.88724e-007, 1.35725e-006, -6.33487e-007, -2.77485e-007
5.05203, 4.29284, -4.71904, 1.96456, 1.09192, -0.0459511, 3.97045, 1.94041, 6.84803, 9.15708, 1.91471, 10.0979, 4.88169, -1.35197e-007, 3.05369e-007, 4.96905, 4.91475, -8.91217e-007, 1.36969e-006, -6.48409e-007, -2.69275e-007
5.05272, 4.39286, -4.71935, 1.81993, 1.17023, -0.0459511, 3.97045, 2.15726, 6.91856, 9.04935, 2.36042, 10.1674, 4.63559, -1.25868e-007, 2.92309e-007, 5.01319, 4.86483, -8.86094e-007, 1.36451e-006, -6.36637e-007, -2.73884e-007
5.05344, 4.49296, -4.71914, 1.9533, 1.10963, -0.0459512, 3.97045, 2.07043, 7.07317, 8.85719, 1.69312, 10.0966, 4.71276, -1.70001e-007, 3.30529e-007, 4.99342, 4.86883, -9.00241e-007, 1.38941e-006, -6.83285e-007, -2.4776e-007
5.05411, 4.59295, -4.71934, 1.52304, 1.34364, -0.0459512, 3.97045, 1.86731, 7.09469, 8.97153, 1.77872, 10.1418, 4.23239, -1.96016e-007, 3.5338e-007, 4.98157, 4.90877, -9.10295e-007, 1.41161e-006, -7.13692e-007, -2.44574e-007
5.05477, 4.69294, -4.71867, 2.04448, 0.925119, -0.0459512, 3.97045, 1.77892, 6.66891, 8.62509, 1.70517, 9.78643, 5.05554, -2.27224e-007, 4.00697e-007, 4.97466, 4.98453, -9.17149e-007, 1.4392e-006, -7.49838e-007, -2.13772e-007
5.05542, 4.79293, -4.71883, 2.23401, 0.673967, -0.0459512, 3.97045, 2.07317, 6.939, 8.6086, 1.5509, 9.80231, 4.88651, -2.35875e-007, 4.10511e-007, 4.97567, 4.94758, -9.20008e-007, 1.44567e-006, -7.59066e-007, -2.07551e-007
5.05599, 4.89309, -4.71706, 2.23401, 0.673967, -0.0459512, 3.97045, 2.07317, 6.939, 8.6086, 1.5509, 9.80231, 4.88651, -2.35875e-007, 4.10511e-007, 4.97567, 4.94758, -9.20008e-007, 1.44567e-006, -7.59066e-007, -2.07551e-007
