0, 0, 0
0, 0, 0
0.113001, -0.000942, 0.003906
0.22389, 0.001734, 0.003906
0.326546, 0.002135, 0.003906
0.444194, 0.002495, 0.003906
0.575387, 0.005351, 0.003906
0.702311, 0.001172, 0.005859
0.86484, -0.007396, 0.005859
0.977753, 0.007832, 0.005859
1.07495, 0.000940999, 0.007812
1.24787, -0.001869, 0.005662
1.44868, -0.012336, 0.011719
1.66142, 0.001771, 0.019531
1.86539, 0.042525, 0.002451
2.03261, 0.027573, 0.007812
2.13437, 0.028295, 0.006357
2.27005, 0.039191, 0.007812
2.4739, 0.01907, 0.01417
2.57982, 0.015956, 0.015625
2.67212, 0.0215, 0.015625
2.85278, 0.023748, 0.016123
2.95166, 0.020727, 0.017578
3.05208, 0.03121, 0.016123
3.16199, 0.035444, 0.010264
3.26139, 0.03892, 0.019531
3.35375, 0.040724, 0.019531
3.46645, 0.051643, 0.018076
3.64729, 0.043338, 0.019531
3.74317, 0.045509, 0.019053
3.86159, 0.063661, 0.020508
4.08767, 0.079946, 0.019053
4.17077, 0.076114, 0.021484
4.27516, 0.091251, 0.021484
4.36584, 0.08961, 0.020029
4.46969, 0.073595, 0.021484
4.57006, 0.084914, 0.022461
4.74559, 0.08082, 0.024912
4.84094, 0.080337, 0.026367
4.95918, 0.101553, 0.024912
5.15293, 0.102936, 0.026367
5.25335, 0.110572, 0.025889
5.36176, 0.104002, 0.025889
5.46631, 0.110513, 0.026367
5.58928, 0.130095, 0.024912
5.68914, 0.136687, 0.024912
5.76793, 0.14224, 0.026367
5.93798, 0.147321, 0.026865
6.05671, 0.149412, 0.02832
6.24116, 0.142567, 0.030772
6.35495, 0.153331, 0.035295
6.46339, 0.165399, 0.046452
6.54318, 0.173444, 0.051054
6.64715, 0.178681, 0.04952
6.74263, 0.177859, 0.053426
6.95295, 0.180578, 0.04952
7.04742, 0.212031, 0.050496
7.15819, 0.210589, 0.050496
7.2675, 0.226674, 0.050496
7.44613, 0.237187, 0.054403
7.65483, 0.2589, 0.055379
7.76225, 0.254879, 0.055379
7.85742, 0.27109, 0.056356
7.96574, 0.240815, 0.056356
8.05339, 0.244586, 0.056356
8.15686, 0.269203, 0.056356
8.44618, 0.304305, 0.056356
8.53184, 0.322048, 0.056356
8.62851, 0.321633, 0.056356
8.72815, 0.310391, 0.058309
8.83796, 0.316371, 0.060262
8.93853, 0.310188, 0.061796
9.14785, 0.320719, 0.062215
9.25665, 0.333368, 0.062215
9.36609, 0.355018, 0.064168
9.53337, 0.359309, 0.064168
9.62856, 0.364252, 0.064168
9.83802, 0.38182, 0.064168
9.92987, 0.384356, 0.066121
10.006, 0.402901, 0.066121
10.1208, 0.421663, 0.066121
10.2284, 0.408583, 0.063749
10.328, 0.417374, 0.064168
10.4286, 0.411663, 0.066121
10.6277, 0.417213, 0.066121
10.826, 0.450459, 0.067655
10.9311, 0.456644, 0.070027
11.0368, 0.470522, 0.070027
11.1301, 0.461634, 0.068074
11.32, 0.471807, 0.070027
11.4192, 0.488098, 0.072957
11.5208, 0.469168, 0.074491
11.6383, 0.459155, 0.07784
11.7327, 0.467107, 0.07784
11.8552, 0.46173, 0.075468
11.943, 0.479457, 0.073934
12.1336, 0.521559, 0.07491
12.2373, 0.52288, 0.07491
12.3286, 0.532984, 0.078817
12.4279, 0.546191, 0.080351
12.538, 0.55573, 0.08077
12.6421, 0.560839, 0.079793
12.7399, 0.5705, 0.081327
12.9417, 0.586724, 0.079793
13.0404, 0.607702, 0.081746
13.1446, 0.618662, 0.08328
13.3158, 0.633919, 0.084676
13.4148, 0.649384, 0.084676
13.5125, 0.667668, 0.084676
13.7048, 0.685756, 0.084676
13.8108, 0.7024, 0.084676
13.9099, 0.718019, 0.086629
14.0192, 0.689948, 0.088163
14.1191, 0.701375, 0.090535
14.3189, 0.71304, 0.090535
14.5283, 0.730718, 0.088582
14.7211, 0.742266, 0.092488
14.8224, 0.764611, 0.092488
14.9251, 0.790985, 0.093465
15.014, 0.806974, 0.093465
15.2268, 0.808084, 0.093465
15.3081, 0.817472, 0.093465
15.4089, 0.826916, 0.093465
15.5133, 0.834353, 0.093465
15.6217, 0.824897, 0.098905
15.7335, 0.835911, 0.097371
15.8232, 0.843597, 0.102254
16.0108, 0.88495, 0.104207
16.1459, 0.914988, 0.104207
16.2439, 0.917123, 0.102812
16.33, 0.954573, 0.102254
16.4324, 0.976005, 0.10616
16.5357, 0.951061, 0.10616
16.682, 0.959105, 0.115507
16.8807, 0.973278, 0.108113
16.9415, 0.992255, 0.108113
17.031, 0.991109, 0.101277
17.09, 0.988776, 0.099743
17.1743, 0.997725, 0.0982101
17.2706, 1.00989, 0.101001
17.3779, 1.01891, 0.099467
17.4583, 1.04366, 0.101839
17.6843, 1.05232, 0.0987711
17.9008, 1.08752, 0.094248
18.0012, 1.08869, 0.092714
18.0997, 1.10328, 0.090204
18.2006, 1.09115, 0.08867
18.2924, 1.10121, 0.079466
18.4046, 1.15142, 0.070262
18.5139, 1.15794, 0.051711
18.6289, 1.16676, 0.046832
18.8012, 1.19616, 0.025356
18.8861, 1.20358, 0.025356
18.982, 1.18847, 0.033169
19.1948, 1.17779, 0.033169
19.2758, 1.21192, 0.0341461
19.4863, 1.18613, 0.0341461
19.606, 1.18201, 0.0341461
19.8079, 1.1832, 0.038052
19.8806, 1.20001, 0.0443301
20.0942, 1.17671, 0.0458641
20.1904, 1.17819, 0.0458641
20.3982, 1.20459, 0.0458641
20.4804, 1.20367, 0.0458641
20.6861, 1.2505, 0.0443301
20.7585, 1.23267, 0.0458641
20.8582, 1.25828, 0.0443301
21.1012, 1.25991, 0.0458641
21.2016, 1.25975, 0.0443301
21.4134, 1.28799, 0.0458641
21.5044, 1.28864, 0.0458641
21.7142, 1.29748, 0.0487941
21.8112, 1.31805, 0.0487941
21.9869, 1.34173, 0.0472601
22.0918, 1.3321, 0.0487941
22.183, 1.33883, 0.0472601
22.3991, 1.36336, 0.0487941
22.5015, 1.36902, 0.0492131
22.6969, 1.36054, 0.0507471
22.7815, 1.3718, 0.0492131
22.9812, 1.39486, 0.0531191
23.081, 1.4072, 0.0531191
23.2638, 1.41582, 0.0546531
23.3974, 1.41932, 0.0540961
23.4544, 1.41889, 0.0540961
23.7626, 1.43345, 0.0540961
23.9434, 1.447, 0.0556301
24.0188, 1.47342, 0.0540961
24.2246, 1.49227, 0.0556301
24.347, 1.49783, 0.0540961
24.5625, 1.48845, 0.0556301
24.6956, 1.50203, 0.0550721
24.8876, 1.51535, 0.0605131
24.979, 1.52844, 0.0589791
25.0819, 1.52571, 0.0589791
25.3113, 1.5312, 0.0589791
25.4707, 1.52887, 0.0585601
25.5883, 1.55747, 0.0585601
25.6935, 1.55481, 0.0648381
25.9059, 1.56264, 0.0644191
26.0126, 1.58215, 0.0638621
26.2152, 1.59534, 0.0653961
26.3283, 1.61676, 0.0638621
26.5299, 1.62707, 0.0603741
26.6234, 1.62545, 0.0557721
26.8196, 1.63066, 0.0363881
27.0127, 1.63123, 0.0195141
27.2192, 1.63342, 0.00110609
27.419, 1.63102, -0.0138149
27.6164, 1.6499, -0.0322229
27.7116, 1.65523, -0.0398929
27.9175, 1.63471, -0.0371019
28.1226, 1.64058, -0.0371019
28.3295, 1.64559, -0.0361249
28.4461, 1.64841, -0.0361249
28.6105, 1.62019, -0.0361249
28.8346, 1.61385, -0.0361249
29.0293, 1.61916, -0.0283129
29.1369, 1.5997, -0.0283129
29.3911, 1.58957, -0.0283129
29.6087, 1.58517, -0.0283129
29.8158, 1.58047, -0.0283129
30.0315, 1.59136, -0.0283129
30.1221, 1.58645, -0.0283129
30.3219, 1.58042, -0.0292889
30.5288, 1.58362, -0.0234299
30.627, 1.58793, -0.0214769
30.8314, 1.56478, -0.0214769
31.0305, 1.57324, -0.0234299
31.229, 1.55335, -0.0234299
31.3166, 1.57064, -0.0234299
31.5214, 1.57538, -0.0214769
31.7328, 1.57318, -0.0214769
31.8331, 1.56575, -0.0214769
32.0325, 1.56125, -0.0204999
32.2479, 1.58028, -0.0204999
32.3504, 1.59181, -0.0185469
32.5503, 1.57925, -0.0156169
32.7607, 1.56511, -0.0195239
32.9466, 1.57789, -0.0195239
33.0415, 1.59186, -0.0195239
33.2465, 1.57207, -0.0117109
33.4462, 1.56995, -0.0126879
33.5307, 1.56008, -0.0126879
33.722, 1.55531, -0.0126879
33.9405, 1.57321, -0.0107339
34.161, 1.56998, -0.00682792
34.267, 1.57511, -0.00682792
34.4722, 1.57239, -0.00878092
34.6776, 1.57953, -0.00682792
34.9049, 1.58618, -0.00682792
35.0925, 1.58287, -0.00292192
35.1913, 1.57086, -0.00292192
35.368, 1.57003, -0.00682792
35.4463, 1.56907, -0.00487492
35.6645, 1.58456, -0.00292192
35.8724, 1.60601, -0.00194492
35.9886, 1.58549, -0.00292192
36.1981, 1.58898, -0.00292192
36.4037, 1.60025, -0.000968919
36.5106, 1.60616, 0.000984081
36.7113, 1.61195, 0.00489108
36.9647, 1.58688, 0.00196108
37.1557, 1.606, 0.00196108
37.3916, 1.61205, 0.00586708
37.5731, 1.61312, 0.00586708
37.6658, 1.62597, 0.00586708
37.8618, 1.63436, 0.00489108
38.0596, 1.63228, 0.0107501
38.1614, 1.63119, 0.0127031
38.3648, 1.63121, 0.0136801
38.5427, 1.62603, 0.0136801
38.7467, 1.61183, 0.0136801
38.8729, 1.61562, 0.0175861
39.1535, 1.63068, 0.0195391
39.2475, 1.6331, 0.0195391
39.4713, 1.62868, 0.0195391
39.5834, 1.63439, 0.0195391
39.7966, 1.63301, 0.0234451
39.9098, 1.6468, 0.0234451
40.1135, 1.63751, 0.0234451
40.2989, 1.64149, 0.0224691
40.4929, 1.66284, 0.0224691
40.5898, 1.66736, 0.0224691
40.7892, 1.69998, 0.0224691
40.9914, 1.6799, 0.0224691
41.2, 1.70079, 0.0234451
41.3712, 1.71125, 0.0234451
41.4668, 1.71923, 0.0293051
41.6778, 1.71545, 0.0293051
41.7784, 1.71137, 0.0293051
41.9819, 1.70385, 0.0293051
42.068, 1.71517, 0.0293051
42.1612, 1.72318, 0.0293051
42.3753, 1.75716, 0.0312581
42.4654, 1.7506, 0.0312581
42.6659, 1.75921, 0.0312581
42.8684, 1.76554, 0.0312581
42.9537, 1.76586, 0.0312581
43.2464, 1.78236, 0.0351641
43.4675, 1.78817, 0.0361411
43.6748, 1.78746, 0.0361411
43.7762, 1.7835, 0.0361411
43.8712, 1.80783, 0.0371171
44.0743, 1.81451, 0.0410231
44.1759, 1.81516, 0.0410231
44.3978, 1.83248, 0.0410231
44.5863, 1.83361, 0.0390701
44.7822, 1.85331, 0.0429761
44.8655, 1.85923, 0.0429761
45.085, 1.87923, 0.0429761
45.1883, 1.87429, 0.0429761
45.3627, 1.88472, 0.0429761
45.5497, 1.89894, 0.0468831
45.6621, 1.90949, 0.0468831
45.8773, 1.91564, 0.0488361
46.0794, 1.90467, 0.0449301
46.2762, 1.91762, 0.0449301
46.3683, 1.92677, 0.0488361
46.5807, 1.96414, 0.0488361
46.7715, 1.98177, 0.0537191
46.8743, 1.98495, 0.0537191
47.0987, 1.97472, 0.0537191
47.2709, 1.98516, 0.0537191
47.4526, 2.01679, 0.0556721
47.5366, 2.0236, 0.0566481
47.7655, 2.02485, 0.0566481
48.0632, 2.04541, 0.0586011
48.2549, 2.0637, 0.0586011
48.4578, 2.06517, 0.0524651
48.5587, 2.06194, 0.0463291
48.7649, 2.06855, 0.0410321
48.9563, 2.0688, 0.0302941
49.1555, 2.08189, 0.0195561
49.3503, 2.07459, 0.00881808
49.6584, 2.07544, -0.00652192
49.8456, 2.07387, -0.000243917
50.0577, 2.07382, -0.000243917
50.2387, 2.07964, -0.000243917
50.459, 2.06947, -0.000243917
50.6715, 2.07905, 0.00659208
50.8544, 2.06166, 0.00854508
51.064, 2.05605, 0.00756908
51.264, 2.06116, 0.00798808
51.4382, 2.0745, 0.00952208
51.6258, 2.07324, 0.0158001
51.8634, 2.06982, 0.0163581
52.0438, 2.07774, 0.0144051
52.2562, 2.09334, 0.0167771
52.4365, 2.10773, 0.0183111
52.6448, 2.11081, 0.0183111
52.8506, 2.10903, 0.0222171
53.0482, 2.11619, 0.0222171
53.248, 2.12388, 0.0261231
53.4304, 2.1386, 0.0261231
53.6244, 2.13781, 0.0261231
53.8157, 2.14281, 0.0261231
54.0144, 2.14566, 0.0261231
54.2235, 2.1614, 0.0319831
54.4575, 2.16647, 0.0304491
54.6479, 2.18012, 0.0319831
54.8587, 2.18686, 0.0319831
55.0571, 2.19028, 0.0319831
55.2576, 2.19083, 0.0319831
55.4771, 2.21005, 0.0397951
55.6904, 2.19157, 0.0397951
55.8668, 2.20078, 0.0397951
56.0274, 2.23327, 0.0392381
56.2392, 2.22423, 0.0407721
56.4153, 2.23438, 0.0485841
56.6175, 2.24246, 0.0485841
56.6832, 2.26646, 0.0446781
56.8817, 2.26184, 0.0446781
57.0953, 2.28003, 0.0446781
57.3059, 2.31798, 0.0460741
57.5155, 2.322, 0.0476081
57.707, 2.33317, 0.0456551
57.8811, 2.34104, 0.0441211
58.0799, 2.34364, 0.0534671
58.2983, 2.35709, 0.0534671
58.5179, 2.34478, 0.0534671
58.741, 2.38136, 0.0534671
58.9101, 2.42672, 0.0519331
59.2132, 2.43261, 0.0573731
59.4054, 2.43837, 0.0573731
59.5066, 2.4441, 0.0558391
59.7028, 2.47291, 0.0573731
59.9063, 2.48385, 0.0573731
60.0949, 2.49158, 0.0661621
60.264, 2.48693, 0.0661621
60.4615, 2.521, 0.0661621
60.5604, 2.5434, 0.0661621
60.8654, 2.5624, 0.0583501
61.0528, 2.61884, 0.0577931
61.2681, 2.61153, 0.0656051
61.3492, 2.63675, 0.0640711
61.5553, 2.64043, 0.0629561
61.7618, 2.64563, 0.0559821
61.8566, 2.66444, 0.0548671
62.0564, 2.67886, 0.0541711
62.2509, 2.67804, 0.0543141
62.4332, 2.66023, 0.0540371
62.6337, 2.64693, 0.0375781
62.8408, 2.66325, 0.0423231
63.0509, 2.64932, 0.0357671
63.1476, 2.66091, 0.0342331
63.3531, 2.68028, 0.0395351
63.4526, 2.67421, 0.0317231
63.6651, 2.71378, 0.0317231
63.8568, 2.74419, 0.0311651
63.9674, 2.73461, 0.0325611
64.16, 2.72717, 0.0310271
64.4409, 2.75582, 0.0310271
64.5328, 2.74343, 0.0310271
64.7428, 2.74995, 0.0310271
64.8313, 2.76547, 0.0368871
65.0258, 2.76386, 0.0368871
65.1248, 2.75915, 0.0349331
65.3267, 2.77969, 0.0349331
65.4298, 2.78446, 0.0349331
65.6509, 2.78728, 0.0359101
65.9467, 2.85303, 0.0359101
66.0472, 2.8433, 0.0378631
66.2466, 2.86728, 0.0378631
66.4462, 2.85431, 0.0378631
66.6457, 2.85968, 0.0398161
66.7413, 2.88226, 0.0398161
66.9683, 2.87664, 0.0398161
67.0776, 2.88035, 0.0427461
67.2611, 2.89592, 0.0476291
67.3677, 2.89601, 0.0470711
67.5671, 2.91617, 0.0424691
67.7491, 2.91362, 0.0394011
67.9416, 2.90273, 0.0363331
68.0486, 2.9196, 0.0367521
68.2454, 2.91832, 0.0336841
68.4742, 2.92299, 0.0260141
68.5884, 2.9085, 0.0190401
68.6886, 2.91084, 0.0159721
68.865, 2.9297, 0.0141621
69.0659, 2.94072, 0.00802608
69.266, 2.92198, -0.00159792
69.4689, 2.9187, -0.00773392
69.7574, 2.93389, -0.0353459
69.8368, 2.94977, -0.0402239
70.0207, 2.93738, -0.0621189
70.1292, 2.95588, -0.0806699
70.3393, 2.93941, -0.0982399
70.4476, 2.92718, -0.107024
70.553, 2.90447, -0.120135
70.6603, 2.89365, -0.126966
70.8578, 2.8642, -0.148723
70.9743, 2.88257, -0.155974
71.241, 2.83056, -0.176193
71.4364, 2.79398, -0.193067
71.5326, 2.77029, -0.201294
71.7291, 2.71346, -0.218168
71.9281, 2.66832, -0.240483
72.0257, 2.65547, -0.248152
72.2214, 2.61486, -0.26656
72.4064, 2.56778, -0.282458
72.5206, 2.53474, -0.291662
72.7191, 2.47456, -0.301562
72.9164, 2.39794, -0.316344
73.0933, 2.33768, -0.326244
73.2808, 2.27271, -0.34005
73.3673, 2.24188, -0.345767
73.4523, 2.20717, -0.351903
73.6486, 2.13473, -0.367243
73.8241, 2.06267, -0.381049
73.9382, 2.02674, -0.387185
74.1312, 1.94694, -0.404059
74.3116, 1.86167, -0.41898
74.4881, 1.7851, -0.435435
74.6818, 1.69928, -0.456215
74.84, 1.62704, -0.464857
75.0112, 1.52428, -0.481731
75.0997, 1.47625, -0.493865
75.2742, 1.38121, -0.513669
75.3741, 1.32438, -0.521339
75.5549, 1.20489, -0.539747
75.7253, 1.1008, -0.556621
75.8162, 1.04436, -0.565825
75.9832, 0.937117, -0.582699
76.0706, 0.893671, -0.591903
76.1532, 0.820674, -0.601107
76.3897, 0.669244, -0.615466
76.5514, 0.547927, -0.63234
76.7019, 0.421621, -0.656188
76.8573, 0.288884, -0.677664
77.0232, 0.146608, -0.69914
77.0979, 0.0808308, -0.709878
77.2367, -0.051056, -0.72982
77.4026, -0.192898, -0.751296
77.4788, -0.252768, -0.762034
77.6256, -0.400302, -0.782953
77.7021, -0.45983, -0.793691
77.8325, -0.591278, -0.815167
77.9631, -0.728919, -0.839711
78.0353, -0.813541, -0.852959
78.1558, -0.967286, -0.886707
78.2162, -1.03266, -0.905115
78.2742, -1.11762, -0.923942
78.3884, -1.27973, -0.966199
78.5324, -1.43316, -1.00455
78.6432, -1.59184, -1.0429
78.7009, -1.69312, -1.06186
78.7841, -1.89127, -1.10217
78.8381, -1.98965, -1.12839
78.8814, -2.08148, -1.15266
79.0011, -2.33484, -1.19532
79.0428, -2.42084, -1.21373
79.0672, -2.50349, -1.23465
79.0977, -2.59882, -1.25264
79.1525, -2.80127, -1.29727
79.1634, -2.88188, -1.31107
79.2416, -3.06721, -1.33562
79.2909, -3.27054, -1.36016
79.3042, -3.38506, -1.37634
79.3553, -3.5562, -1.3854
79.3996, -3.75643, -1.38149
79.4493, -3.94109, -1.38149
79.4735, -4.14055, -1.38456
79.5131, -4.24502, -1.3907
79.5592, -4.46577, -1.4045
79.5521, -4.56382, -1.41064
79.5748, -4.76578, -1.42751
79.6198, -4.9625, -1.44439
79.6253, -5.16019, -1.4628
79.6511, -5.35334, -1.47967
79.6963, -5.46551, -1.48106
79.6832, -5.58093, -1.49808
79.7022, -5.67834, -1.50728
79.7132, -5.8629, -1.52318
79.7141, -5.96204, -1.53085
79.7209, -6.16997, -1.54159
79.722, -6.24418, -1.54117
79.74, -6.54591, -1.53726
79.7448, -6.74134, -1.5388
79.7206, -6.9492, -1.5427
79.745, -7.16514, -1.54716
79.7022, -7.26649, -1.5572
79.6939, -7.45435, -1.57254
79.6994, -7.5527, -1.58565
79.7071, -7.66288, -1.58677
79.7006, -7.8294, -1.58524
79.7214, -8.13475, -1.58133
79.7344, -8.23499, -1.5784
79.7329, -8.35068, -1.5784
79.7368, -8.5582, -1.57645
79.7409, -8.66338, -1.57645
79.7583, -8.78504, -1.57645
79.7654, -8.9847, -1.57645
79.7615, -9.16439, -1.57645
79.7457, -9.37038, -1.57645
79.7439, -9.57447, -1.57645
79.7329, -9.75822, -1.57645
79.7395, -9.85872, -1.57449
79.7675, -10.0526, -1.57449
79.7839, -10.2394, -1.56668
79.7508, -10.4591, -1.56668
79.7538, -10.6579, -1.56863
79.7539, -10.7258, -1.56863
79.772, -10.9322, -1.56863
79.771, -11.1383, -1.56766
79.7716, -11.332, -1.56766
79.7858, -11.541, -1.56766
79.7847, -11.7504, -1.56766
79.7843, -11.8505, -1.56473
79.7791, -12.0552, -1.56473
79.7908, -12.243, -1.56473
79.806, -12.432, -1.56473
79.8078, -12.7323, -1.56473
79.8115, -12.831, -1.56277
79.8155, -13.0306, -1.56277
79.8262, -13.131, -1.56277
79.819, -13.3295, -1.55984
79.8224, -13.545, -1.5618
79.8502, -13.7361, -1.55789
79.8545, -13.932, -1.55789
79.8632, -14.1315, -1.55399
79.863, -14.225, -1.55399
79.8686, -14.4269, -1.55594
79.8899, -14.6344, -1.55594
79.877, -14.8288, -1.56291
79.8946, -14.9976, -1.57588
79.8784, -15.1014, -1.58508
79.8735, -15.3132, -1.60349
79.8652, -15.5278, -1.61646
79.8457, -15.6366, -1.62413
79.8352, -15.8334, -1.64254
79.8119, -15.9374, -1.65328
79.8024, -16.1347, -1.6728
79.7802, -16.3312, -1.69581
79.7358, -16.5985, -1.72718
79.7033, -16.81, -1.75075
79.7001, -16.9321, -1.77084
79.6556, -17.1026, -1.79147
79.6067, -17.2936, -1.81448
79.5628, -17.486, -1.83443
79.4948, -17.7592, -1.86078
79.467, -17.8668, -1.87305
79.3915, -18.0587, -1.89955
79.3113, -18.2818, -1.92507
79.2331, -18.4735, -1.94808
79.1182, -18.7452, -1.97095
79.0794, -18.8265, -1.98169
78.9888, -19.013, -2.00316
78.9527, -19.0891, -2.01334
78.8982, -19.1837, -2.02408
78.8663, -19.26, -2.03482
78.7753, -19.4371, -2.05629
78.6803, -19.6169, -2.07624
78.5838, -19.7947, -2.09674
78.4928, -19.9461, -2.11863
78.4381, -20.0444, -2.12546
78.3399, -20.2137, -2.15085
78.2833, -20.3152, -2.16158
78.1804, -20.4862, -2.18153
78.1202, -20.5559, -2.19226
77.9611, -20.7833, -2.21513
77.8808, -20.8667, -2.2274
77.82, -20.9536, -2.24247
77.706, -21.1177, -2.26297
77.6532, -21.1995, -2.27273
77.5196, -21.3727, -2.29072
77.4286, -21.4301, -2.30341
77.2686, -21.5723, -2.32488
77.0487, -21.7868, -2.34775
76.9886, -21.8434, -2.35458
76.8482, -21.9852, -2.37801
76.6931, -22.1053, -2.39489
76.5476, -22.2376, -2.39335
76.4823, -22.3017, -2.3914
76.3372, -22.4528, -2.38359
76.2036, -22.5777, -2.38359
76.0554, -22.7123, -2.38359
75.9121, -22.8708, -2.38121
75.8359, -22.937, -2.37968
75.6973, -23.0791, -2.37773
75.5375, -23.2266, -2.37773
75.4497, -23.2976, -2.37773
75.3057, -23.4363, -2.3748
75.1578, -23.5648, -2.36894
75.0257, -23.7403, -2.36894
74.939, -23.824, -2.36852
74.809, -23.9655, -2.37089
74.6737, -24.0963, -2.36894
74.5353, -24.2533, -2.36894
74.4082, -24.387, -2.36894
74.2812, -24.5254, -2.37047
74.1642, -24.6766, -2.36656
74.0489, -24.7938, -2.36503
73.9243, -24.9144, -2.36503
73.8098, -25.0281, -2.36266
73.7034, -25.1267, -2.36266
73.5281, -25.2604, -2.36112
73.4326, -25.3626, -2.35917
73.3718, -25.4756, -2.3582
73.2295, -25.5959, -2.3582
73.1112, -25.7104, -2.3582
72.9641, -25.8627, -2.3582
72.8839, -25.9714, -2.35527
72.7716, -26.0839, -2.35527
72.6668, -26.1856, -2.35527
72.5623, -26.291, -2.36015
72.4555, -26.3955, -2.35778
72.347, -26.4931, -2.35624
72.1959, -26.6526, -2.34843
72.0809, -26.7731, -2.35234
71.983, -26.8921, -2.34843
71.883, -26.972, -2.34996
71.7463, -27.1192, -2.34606
71.6562, -27.2247, -2.34452
71.5453, -27.3425, -2.34257
71.4294, -27.4253, -2.34452
71.3299, -27.5397, -2.34452
71.1977, -27.6975, -2.33824
71.0976, -27.821, -2.33671
70.9851, -27.9143, -2.33671
70.859, -28.0096, -2.33866
70.7553, -28.1076, -2.33866
70.6455, -28.1957, -2.3402
70.5183, -28.3387, -2.33434
70.4513, -28.4581, -2.3328
70.3412, -28.5614, -2.33476
70.2583, -28.6786, -2.3328
70.1367, -28.7585, -2.33434
70.039, -28.881, -2.33434
69.9267, -28.9944, -2.32499
69.858, -29.0812, -2.32499
69.7452, -29.1858, -2.32499
69.655, -29.2902, -2.32653
69.5563, -29.3907, -2.32653
69.4303, -29.5058, -2.32499
69.332, -29.6119, -2.31913
69.2382, -29.7173, -2.31913
69.1178, -29.8679, -2.31676
69.0256, -29.9745, -2.31578
68.9155, -30.0756, -2.31774
68.822, -30.1846, -2.3162
68.7384, -30.2864, -2.3162
68.6469, -30.3991, -2.31523
68.5519, -30.5238, -2.31523
68.4476, -30.634, -2.31718
68.3607, -30.7369, -2.31327
68.2203, -30.893, -2.30937
68.1435, -30.9886, -2.30937
68.0574, -31.1023, -2.30937
67.9575, -31.2033, -2.3123
67.8657, -31.3038, -2.31034
67.7636, -31.4096, -2.31034
67.6587, -31.5212, -2.30253
67.5443, -31.6353, -2.30253
67.4451, -31.7383, -2.30351
67.3418, -31.8527, -2.30407
67.2472, -31.972, -2.30253
67.1534, -32.0772, -2.29625
67.0488, -32.2077, -2.29472
66.9196, -32.3338, -2.29862
66.7979, -32.4535, -2.29723
66.6842, -32.585, -2.2957
66.596, -32.7235, -2.2957
66.4814, -32.8668, -2.28984
66.3574, -32.9889, -2.28984
66.2443, -33.1373, -2.29039
66.0664, -33.342, -2.28691
65.9566, -33.4672, -2.28691
65.8118, -33.6211, -2.28691
65.6881, -33.7633, -2.28649
65.5702, -33.9048, -2.2816
65.4297, -34.0574, -2.28007
65.325, -34.2122, -2.2777
65.1902, -34.3388, -2.28398
65.0251, -34.5515, -2.2777
64.8878, -34.7063, -2.27616
64.7467, -34.8455, -2.27616
64.6264, -35.0125, -2.27672
64.484, -35.1799, -2.27519
64.3712, -35.3464, -2.27323
64.2538, -35.4935, -2.27128
64.187, -35.5682, -2.27128
64.0579, -35.7205, -2.28899
63.9315, -35.8641, -2.30656
63.777, -36.0029, -2.33208
63.6199, -36.1374, -2.35969
63.4672, -36.2694, -2.38731
63.4016, -36.3456, -2.39804
63.2467, -36.4857, -2.39023
63.1011, -36.6329, -2.39023
62.9465, -36.7805, -2.39023
62.8072, -36.9236, -2.39023
62.6773, -37.0473, -2.39023
62.5344, -37.1856, -2.39023
62.3845, -37.3228, -2.38633
62.2432, -37.4537, -2.38437
62.0848, -37.5904, -2.37851
61.9422, -37.7234, -2.37851
61.797, -37.885, -2.38633
61.6489, -38.0318, -2.38437
61.5188, -38.1762, -2.38047
61.3718, -38.3106, -2.38047
61.242, -38.4273, -2.37363
61.094, -38.5637, -2.37363
60.9479, -38.7082, -2.37168
60.8152, -38.8556, -2.36582
60.6771, -38.979, -2.36972
60.5174, -39.1255, -2.36972
60.3871, -39.2695, -2.36972
60.2443, -39.4292, -2.36777
60.0947, -39.5819, -2.36777
59.8816, -39.7898, -2.3668
59.7323, -39.9325, -2.36094
59.5973, -40.0674, -2.36191
59.4595, -40.2028, -2.36191
59.3161, -40.3392, -2.35801
59.1809, -40.4897, -2.35801
59.0391, -40.6444, -2.35605
58.8909, -40.7968, -2.35605
58.7432, -40.9372, -2.35898
58.6072, -41.0827, -2.35508
58.4651, -41.2271, -2.35312
58.321, -41.3701, -2.35215
58.1739, -41.5144, -2.35019
58.0454, -41.6501, -2.35215
57.8815, -41.8138, -2.35047
57.7446, -41.937, -2.36428
57.5981, -42.0702, -2.38394
57.3934, -42.2858, -2.39956
57.2484, -42.4231, -2.41532
57.1751, -42.4984, -2.41532
57.0167, -42.6222, -2.40848
56.8839, -42.7441, -2.40848
56.725, -42.8867, -2.40653
56.578, -43.0171, -2.40653
56.4233, -43.1626, -2.40653
56.2699, -43.306, -2.40946
56.1154, -43.45, -2.40262
55.9105, -43.6502, -2.40262
55.7638, -43.7759, -2.40262
55.6189, -43.924, -2.40067
55.4738, -44.0567, -2.40067
55.3393, -44.2052, -2.40067
55.19, -44.3375, -2.39969
55.1111, -44.4059, -2.39969
54.9624, -44.5388, -2.39383
54.8067, -44.6832, -2.39383
54.659, -44.8244, -2.39188
54.4542, -45.0182, -2.39188
54.3096, -45.1471, -2.39495
54.1544, -45.2846, -2.40415
53.9985, -45.4093, -2.40638
53.9291, -45.4753, -2.40708
53.7803, -45.6088, -2.41321
53.6314, -45.7553, -2.41991
53.4894, -45.8571, -2.43064
53.3108, -45.9788, -2.44766
53.2446, -46.0549, -2.44599
53.1524, -46.1291, -2.45547
52.9962, -46.2778, -2.45379
52.9265, -46.3434, -2.45379
52.7968, -46.4541, -2.45477
52.6293, -46.5853, -2.45477
52.5307, -46.6617, -2.45477
52.4621, -46.7221, -2.45086
52.3397, -46.839, -2.44989
52.2677, -46.897, -2.44989
52.1884, -46.9664, -2.45477
52.0138, -47.1232, -2.45477
51.9399, -47.1984, -2.45282
51.8575, -47.2743, -2.44891
51.7093, -47.3967, -2.44696
51.6292, -47.4569, -2.45086
51.5378, -47.521, -2.45086
51.4538, -47.5646, -2.45086
51.2303, -47.7558, -2.44696
51.1671, -47.8207, -2.44696
50.9929, -47.9522, -2.44696
50.9158, -47.9996, -2.43915
50.8245, -48.0531, -2.43915
50.7179, -48.0966, -2.43915
50.5352, -48.2082, -2.44696
50.4691, -48.2861, -2.44696
50.3745, -48.3455, -2.44305
50.2189, -48.4664, -2.4411
50.1517, -48.533, -2.4411
50.1505, -48.6759, -2.43329
50.0739, -48.7539, -2.43329
49.9232, -48.8968, -2.43329
49.8661, -48.9535, -2.43329
49.7154, -49.0776, -2.42938
49.6513, -49.1341, -2.43329
49.5656, -49.1878, -2.42938
49.4955, -49.2483, -2.42938
49.4262, -49.3221, -2.42938
49.2837, -49.4745, -2.42938
49.2091, -49.5539, -2.42743
49.1213, -49.6036, -2.42743
48.9871, -49.7315, -2.42743
48.8962, -49.8081, -2.42743
48.8131, -49.8839, -2.42743
48.7504, -49.96, -2.42743
48.5915, -50.096, -2.42157
48.5405, -50.147, -2.42157
48.4615, -50.2257, -2.42157
48.2437, -50.3949, -2.42157
48.1602, -50.4658, -2.42157
48.0885, -50.5413, -2.41961
47.9455, -50.6794, -2.41864
47.8673, -50.7474, -2.41766
47.7953, -50.8048, -2.41766
47.6373, -50.9445, -2.41766
47.5534, -51.014, -2.41766
47.4876, -51.0819, -2.41375
47.4126, -51.1474, -2.41473
47.2662, -51.2658, -2.41473
47.1952, -51.3402, -2.41278
47.1279, -51.3958, -2.41082
46.9665, -51.5326, -2.41082
46.888, -51.6108, -2.41082
46.8115, -51.6825, -2.41082
46.73, -51.7434, -2.40692
46.5581, -51.8695, -2.40692
46.4628, -51.9343, -2.40692
46.3805, -52.0057, -2.40496
46.1924, -52.1193, -2.40496
46.1241, -52.1895, -2.40259
46.0477, -52.2629, -2.40413
45.9764, -52.3334, -2.40371
45.8382, -52.4696, -2.40343
45.7822, -52.5394, -2.40496
45.6953, -52.6065, -2.41347
45.6433, -52.6571, -2.42002
45.58, -52.7126, -2.42156
45.4083, -52.8437, -2.40789
45.3301, -52.9221, -2.41082
45.2671, -52.9912, -2.41082
45.1728, -53.063, -2.41235
45.1024, -53.1345, -2.41681
45.0236, -53.2051, -2.41793
44.9505, -53.2743, -2.41946
44.8731, -53.3431, -2.421
44.7149, -53.477, -2.42407
44.5784, -53.6151, -2.42713
44.5044, -53.6823, -2.42867
44.439, -53.7408, -2.43369
44.2842, -53.8775, -2.42894
44.2007, -53.9274, -2.42406
44.1035, -53.994, -2.42754
43.9748, -54.1222, -2.43061
43.8206, -54.2536, -2.43563
43.7246, -54.3168, -2.4387
43.665, -54.384, -2.44024
43.5916, -54.4467, -2.44177
43.5263, -54.5179, -2.44135
43.4349, -54.6002, -2.44288
43.3579, -54.6632, -2.44442
43.2012, -54.7825, -2.44902
43.0711, -54.8903, -2.45013
42.9909, -54.9596, -2.45167
42.9146, -55.027, -2.4532
42.8332, -55.0939, -2.45474
42.7569, -55.1531, -2.44748
42.5999, -55.2823, -2.45836
42.5163, -55.3502, -2.46143
42.4416, -55.4263, -2.46296
42.3847, -55.4864, -2.4645
42.2305, -55.6294, -2.46171
42.1394, -55.6909, -2.46324
42.0623, -55.7528, -2.46631
41.8993, -55.8832, -2.46742
41.7498, -55.9926, -2.46561
41.6023, -56.1105, -2.46868
41.5178, -56.1786, -2.47314
41.3575, -56.3087, -2.47384
41.2903, -56.3627, -2.47928
41.2091, -56.4253, -2.47886
41.0477, -56.5449, -2.48193
40.8908, -56.6788, -2.47872
40.8093, -56.7527, -2.48025
40.652, -56.8738, -2.48527
40.4989, -56.9899, -2.48834
40.3343, -57.1143, -2.48903
40.1738, -57.2277, -2.4921
40.0148, -57.3481, -2.49517
39.9369, -57.4069, -2.49475
39.788, -57.5263, -2.49935
39.6293, -57.6622, -2.50242
39.5396, -57.7326, -2.502
39.3923, -57.8389, -2.50507
39.3075, -57.9044, -2.5066
39.1546, -58.037, -2.51121
38.9782, -58.1515, -2.50646
38.8045, -58.2646, -2.50953
38.642, -58.3549, -2.5126
38.5007, -58.4782, -2.5172
38.3301, -58.6153, -2.51873
38.1689, -58.7392, -2.51678
37.9894, -58.86, -2.51678
37.838, -58.9807, -2.51678
37.6829, -59.1066, -2.51287
37.5934, -59.163, -2.51287
37.4327, -59.293, -2.51287
37.2785, -59.4128, -2.5119
37.1196, -59.537, -2.51092
36.9584, -59.6578, -2.50785
36.7897, -59.796, -2.49865
36.7191, -59.8423, -2.48861
36.5542, -59.9771, -2.48526
36.4885, -60.0325, -2.48289
36.3175, -60.1628, -2.47508
36.25, -60.1981, -2.47354
36.0774, -60.3216, -2.47508
35.9904, -60.3841, -2.47354
35.7649, -60.5793, -2.47312
35.6201, -60.6964, -2.46922
35.46, -60.8122, -2.46768
35.3066, -60.9381, -2.46964
35.2296, -61.0049, -2.47019
35.0753, -61.1298, -2.46238
34.9799, -61.1941, -2.46085
34.8215, -61.3336, -2.46238
34.7503, -61.4055, -2.46238
34.5903, -61.5339, -2.46866
34.5086, -61.6058, -2.46866
34.3441, -61.7321, -2.46433
34.211, -61.871, -2.4628
34.0531, -61.9941, -2.46182
33.8954, -62.1232, -2.46141
33.8338, -62.179, -2.46141
33.6695, -62.3102, -2.45457
33.5115, -62.4333, -2.45848
33.3603, -62.5732, -2.45848
33.2806, -62.6495, -2.45694
33.1115, -62.7646, -2.45108
33.0428, -62.8256, -2.45011
32.8242, -63.0196, -2.45555
32.6729, -63.1382, -2.44773
32.6037, -63.2003, -2.45555
32.4384, -63.3323, -2.45359
32.375, -63.4163, -2.45206
32.2047, -63.5532, -2.44676
32.1169, -63.6004, -2.44718
31.9658, -63.7447, -2.44327
31.8874, -63.8088, -2.44187
31.7387, -63.933, -2.44132
31.658, -63.9934, -2.44132
31.4564, -64.1721, -2.43741
31.3162, -64.3057, -2.43894
31.1524, -64.4291, -2.43741
30.9953, -64.595, -2.43699
30.8195, -64.7192, -2.43741
30.7646, -64.7829, -2.42918
30.606, -64.9199, -2.42918
30.4695, -65.0629, -2.42764
30.2828, -65.206, -2.42764
30.2034, -65.2662, -2.42918
29.9753, -65.4561, -2.42332
29.8358, -65.5956, -2.41983
29.7398, -65.6831, -2.42137
29.5773, -65.8291, -2.41983
29.5026, -65.8965, -2.41983
29.3637, -66.0125, -2.41983
29.2971, -66.0732, -2.41886
29.1345, -66.2237, -2.4169
29.0828, -66.2638, -2.41593
28.9286, -66.3841, -2.41593
28.843, -66.4593, -2.41593
28.6327, -66.6452, -2.41495
28.5704, -66.7123, -2.41202
28.4325, -66.8584, -2.41355
28.2602, -67.0251, -2.41593
28.1837, -67.093, -2.41593
28.0334, -67.2528, -2.41593
27.9034, -67.3957, -2.41202
27.7475, -67.5226, -2.41202
27.696, -67.5835, -2.41202
27.5692, -67.7106, -2.42025
27.4364, -67.7979, -2.44172
27.2788, -67.9283, -2.45971
27.2006, -67.9911, -2.47338
27.0611, -68.1395, -2.49486
26.9539, -68.1869, -2.50406
26.9137, -68.2601, -2.51089
26.8323, -68.3295, -2.52065
26.6709, -68.4466, -2.54213
26.5116, -68.5385, -2.56012
26.3473, -68.6474, -2.58159
26.3044, -68.6889, -2.59233
26.181, -68.7264, -2.60544
26.0105, -68.8456, -2.62399
25.73, -69.0003, -2.65076
25.6322, -69.0494, -2.65997
25.456, -69.143, -2.67684
25.2589, -69.2196, -2.69776
25.0875, -69.3296, -2.71826
24.9179, -69.4127, -2.7382
24.7222, -69.494, -2.75968
24.568, -69.5707, -2.77962
24.2709, -69.6787, -2.79719
24.0834, -69.7614, -2.81099
23.9052, -69.8125, -2.8248
23.7169, -69.879, -2.83861
23.5035, -69.9464, -2.85046
23.2938, -69.9996, -2.85841
23.1117, -70.0475, -2.87221
22.93, -70.0858, -2.88602
22.7792, -70.1321, -2.89982
22.5075, -70.1925, -2.91739
22.3012, -70.2314, -2.9312
22.082, -70.2757, -2.93859
21.9496, -70.2931, -2.93691
21.818, -70.3143, -2.94737
21.6139, -70.372, -2.95811
21.4948, -70.3754, -2.96271
21.2938, -70.4089, -2.97931
21.1064, -70.4402, -2.99005
20.8953, -70.4743, -2.99297
20.7331, -70.4899, -3.00371
20.6405, -70.5042, -3.00538
20.4375, -70.5399, -3.01612
20.1833, -70.545, -3.02686
19.9775, -70.5743, -3.03606
19.7881, -70.5891, -3.0468
19.6887, -70.604, -3.06075
19.5889, -70.6164, -3.06731
19.3799, -70.644, -3.07023
19.2124, -70.6488, -3.08167
19.0107, -70.6191, -3.10412
18.8094, -70.63, -3.1302
18.6284, -70.6151, 3.12384
18.4264, -70.6255, 3.09316
18.3295, -70.6323, 3.07782
18.1198, -70.6195, 3.03682
18.0214, -70.598, 3.0205
17.9177, -70.5848, 3.00419
17.8107, -70.5636, 2.98383
17.6295, -70.5339, 2.95329
17.4335, -70.4876, 2.91187
17.2222, -70.4379, 2.86069
17.0304, -70.3835, 2.80839
16.9251, -70.3567, 2.78928
16.7403, -70.2812, 2.74912
16.5365, -70.1965, 2.69683
16.2828, -70.0789, 2.63658
16.1045, -69.985, 2.58819
15.9387, -69.8664, 2.53827
15.7465, -69.7593, 2.50787
15.6009, -69.6246, 2.4783
15.5106, -69.549, 2.46352
15.4393, -69.4903, 2.45655
15.3473, -69.4328, 2.45781
15.2743, -69.3613, 2.45934
15.1324, -69.2612, 2.45934
15.0573, -69.1801, 2.45836
14.9719, -69.1415, 2.45836
14.8986, -69.0841, 2.45836
14.8113, -69.0108, 2.45836
14.7287, -68.9565, 2.46325
14.6031, -68.8297, 2.46325
14.4321, -68.6819, 2.46129
14.34, -68.6096, 2.46129
14.2642, -68.5555, 2.46227
14.1833, -68.5076, 2.46227
14.0189, -68.3926, 2.46325
13.929, -68.3186, 2.46325
13.8614, -68.2636, 2.4652
13.7069, -68.1328, 2.4652
13.6328, -68.0448, 2.4652
13.5337, -67.9803, 2.4652
13.3595, -67.8494, 2.4652
13.2669, -67.7751, 2.4652
13.2101, -67.716, 2.4652
13.1382, -67.6711, 2.4652
13.0615, -67.6069, 2.46911
12.9986, -67.5328, 2.46911
12.8962, -67.4962, 2.46911
12.7321, -67.3648, 2.46911
12.5797, -67.2483, 2.47301
12.5106, -67.18, 2.47399
12.4202, -67.1237, 2.47399
12.3365, -67.0618, 2.47008
12.2623, -67.0028, 2.47008
12.1029, -66.8825, 2.47399
12.0348, -66.8423, 2.47399
11.9674, -66.7757, 2.47399
11.8854, -66.6879, 2.47399
11.8031, -66.6166, 2.47301
11.7215, -66.5566, 2.47301
11.5506, -66.4301, 2.46534
11.3881, -66.3169, 2.45349
11.254, -66.1909, 2.43662
11.1766, -66.1167, 2.42588
11.117, -66.0585, 2.41319
11.0276, -65.9829, 2.4044
10.8778, -65.8443, 2.38446
10.8004, -65.7888, 2.38474
10.6532, -65.6344, 2.39018
10.4578, -65.4093, 2.39018
10.3211, -65.2848, 2.39018
10.1655, -65.1591, 2.39409
10.0907, -65.0794, 2.39409
9.93504, -64.9287, 2.39409
9.79767, -64.7894, 2.39409
9.7151, -64.7232, 2.39409
9.54611, -64.5922, 2.39409
9.32437, -64.3938, 2.39409
9.15669, -64.2605, 2.39506
9.02688, -64.1371, 2.39799
8.88057, -64.0014, 2.4019
8.81252, -63.921, 2.4019
8.67284, -63.7693, 2.39799
8.58252, -63.7125, 2.39799
8.35637, -63.543, 2.39995
8.28741, -63.4845, 2.40288
8.15329, -63.3623, 2.40288
8.07022, -63.2629, 2.40288
7.90961, -63.129, 2.40678
7.84702, -63.0416, 2.40678
7.71093, -62.9313, 2.40678
7.48111, -62.7346, 2.40678
7.40877, -62.6748, 2.40678
7.34062, -62.6006, 2.40678
7.17192, -62.4652, 2.41069
7.01656, -62.3448, 2.41069
6.95516, -62.2639, 2.41264
6.82648, -62.1208, 2.41264
6.65363, -61.9892, 2.41264
6.50826, -61.8664, 2.41264
6.42452, -61.8097, 2.41264
6.27646, -61.6469, 2.41264
6.16598, -61.5953, 2.41264
6.00489, -61.4955, 2.41264
5.86295, -61.3443, 2.41264
5.75619, -61.2631, 2.41264
5.53743, -61.0929, 2.41264
5.49367, -61.0177, 2.41264
5.39634, -60.963, 2.41264
5.23063, -60.8375, 2.41362
5.06737, -60.7181, 2.41557
5.01089, -60.6413, 2.41557
4.79143, -60.4736, 2.41655
4.72507, -60.4133, 2.41655
4.57031, -60.2852, 2.41752
4.48592, -60.2257, 2.41948
4.3346, -60.0823, 2.41948
4.17467, -59.9211, 2.40093
4.10967, -59.8755, 2.38921
3.97723, -59.7403, 2.37904
3.8185, -59.5937, 2.34975
3.74062, -59.5135, 2.34096
3.67817, -59.4484, 2.33176
3.60794, -59.4027, 2.33064
3.45623, -59.2505, 2.3365
3.25996, -59.0273, 2.3326
3.1347, -58.8799, 2.3326
2.99452, -58.7588, 2.3365
2.9107, -58.6694, 2.33553
2.77604, -58.5245, 2.33943
2.64432, -58.3758, 2.34139
2.5714, -58.3077, 2.34334
2.35028, -58.0919, 2.34529
2.27386, -58.0264, 2.34529
2.21126, -57.9473, 2.34529
2.07957, -57.8035, 2.34529
1.93761, -57.6517, 2.34529
1.86855, -57.5954, 2.34529
1.67821, -57.3883, 2.34529
1.59096, -57.3284, 2.34529
1.51534, -57.2556, 2.34725
1.36815, -57.099, 2.34725
1.21504, -56.9565, 2.34725
1.14508, -56.883, 2.3492
0.934381, -56.6727, 2.3492
0.860005, -56.597, 2.35018
0.716609, -56.4482, 2.35115
0.636487, -56.3847, 2.35115
0.488286, -56.2267, 2.35115
0.284462, -56.0321, 2.35506
0.136734, -55.8752, 2.35408
0.00498201, -55.7529, 2.35408
-0.0736308, -55.6714, 2.35408
-0.226153, -55.5226, 2.35603
-0.372837, -55.3771, 2.35213
-0.433936, -55.3072, 2.35213
-0.572016, -55.1614, 2.35994
-0.719967, -55.028, 2.36189
-0.788081, -54.9376, 2.36189
-0.907675, -54.7905, 2.36189
-1.07157, -54.6482, 2.36189
-1.16492, -54.565, 2.36189
-1.32255, -54.4314, 2.36189
-1.44732, -54.2946, 2.36287
-1.59022, -54.1536, 2.36287
-1.66081, -54.094, 2.36482
-1.81094, -53.9461, 2.3658
-1.94469, -53.8092, 2.3658
-2.02862, -53.7482, 2.3658
-2.19358, -53.5962, 2.3658
-2.33184, -53.4647, 2.3658
-2.37761, -53.4192, 2.36775
-2.54683, -53.2936, 2.37166
-2.71883, -53.1271, 2.37361
-2.77274, -53.0723, 2.37459
-2.92825, -52.9224, 2.37459
-3.00386, -52.8479, 2.37459
-3.13307, -52.7087, 2.37459
-3.28365, -52.5765, 2.37752
-3.42878, -52.4293, 2.37752
-3.50384, -52.3627, 2.38143
-3.67505, -52.18, 2.38045
-3.81936, -52.0506, 2.38045
-3.95322, -51.9247, 2.38045
-4.00964, -51.8734, 2.38045
-4.15876, -51.7337, 2.38045
-4.23928, -51.6644, 2.38826
-4.38346, -51.4681, 2.38826
-4.51945, -51.3719, 2.38826
-4.67409, -51.2382, 2.39607
-4.74284, -51.1691, 2.39607
-4.88647, -51.0365, 2.39607
-5.01452, -50.8784, 2.39607
-5.11182, -50.7694, 2.39607
-5.24577, -50.6402, 2.39607
-5.33598, -50.584, 2.39607
-5.47237, -50.4202, 2.39998
-5.59909, -50.2882, 2.39998
-5.73599, -50.17, 2.39998
-5.80706, -50.1112, 2.39998
-6.02843, -49.909, 2.40096
-6.16856, -49.8047, 2.40096
-6.32753, -49.6593, 2.40096
-6.46705, -49.5318, 2.40096
-6.55509, -49.443, 2.40486
-6.72658, -49.2914, 2.40486
-6.88174, -49.1514, 2.40486
-6.93836, -49.0803, 2.40486
-7.09112, -48.9385, 2.40486
-7.21839, -48.8239, 2.40486
-7.30437, -48.7633, 2.40486
-7.49783, -48.5866, 2.40877
-7.57153, -48.5247, 2.40975
-7.64592, -48.4461, 2.40975
-7.80697, -48.3048, 2.4117
-7.96499, -48.1812, 2.41268
-8.02641, -48.1162, 2.41268
-8.19244, -47.9725, 2.4156
-8.33625, -47.8339, 2.4156
-8.39333, -47.7824, 2.4156
-8.56876, -47.6653, 2.41756
-8.71662, -47.533, 2.41756
-8.87214, -47.4111, 2.41756
-8.96368, -47.3208, 2.41756
-9.09711, -47.1819, 2.41951
-9.22909, -47.0615, 2.41882
-9.29457, -46.9832, 2.41575
-9.46321, -46.8539, 2.4071
-9.52816, -46.7855, 2.40403
-9.69817, -46.6272, 2.39734
-9.83607, -46.4946, 2.3912
-9.91071, -46.4418, 2.38855
-10.0821, -46.2915, 2.38242
-10.1491, -46.222, 2.37782
-10.216, -46.1707, 2.37475
-10.3631, -46.024, 2.36861
-10.5042, -45.9361, 2.36094
-10.6691, -45.8007, 2.36094
-10.8218, -45.6891, 2.36094
-10.9702, -45.5418, 2.36192
-11.0479, -45.4775, 2.36387
-11.1544, -45.343, 2.36387
-11.2929, -45.2034, 2.36387
-11.3334, -45.1504, 2.36387
-11.4795, -44.983, 2.36778
-11.6485, -44.8458, 2.36778
-11.7315, -44.7737, 2.36778
-11.8594, -44.661, 2.36778
-12.006, -44.5112, 2.36778
-12.1511, -44.3842, 2.36778
-12.2498, -44.3206, 2.36778
-12.3894, -44.1972, 2.36778
-12.5343, -44.0508, 2.36778
-12.6793, -43.8844, 2.37364
-12.7739, -43.8071, 2.37559
-12.9047, -43.6539, 2.37461
-13.0392, -43.509, 2.37657
-13.0749, -43.4552, 2.37657
-13.2985, -43.2369, 2.38047
-13.4556, -43.1142, 2.38243
-13.5932, -42.9819, 2.37434
-13.6499, -42.9075, 2.36974
-13.8148, -42.7593, 2.359
-13.9674, -42.6166, 2.34826
-14.0346, -42.5357, 2.34561
-14.1639, -42.3852, 2.33487
-14.2397, -42.3176, 2.32874
-14.3107, -42.2729, 2.32413
-14.4106, -42.1383, 2.3134
-14.4834, -42.069, 2.30879
-14.6163, -41.9166, 2.30392
-14.7648, -41.7538, 2.29025
-14.8187, -41.6786, 2.28565
-14.9555, -41.5285, 2.27798
-15.0862, -41.3783, 2.28579
-15.2158, -41.2254, 2.28579
-15.3623, -41.0713, 2.28481
-15.4211, -40.9892, 2.28481
-15.5495, -40.8392, 2.28481
-15.6783, -40.6891, 2.29165
-15.8003, -40.5361, 2.29165
-15.8416, -40.4888, 2.29263
-15.9983, -40.3534, 2.29263
-16.1386, -40.1927, 2.2936
-16.1904, -40.0977, 2.2936
-16.3192, -39.9561, 2.2936
-16.4453, -39.7998, 2.2936
-16.5376, -39.7303, 2.29751
-16.6847, -39.5744, 2.29751
-16.8018, -39.4296, 2.29751
-16.9138, -39.2939, 2.29751
-16.9686, -39.2151, 2.30141
-17.1047, -39.0324, 2.30141
-17.2505, -38.896, 2.30141
-17.3448, -38.8259, 2.30141
-17.4894, -38.6642, 2.30239
-17.617, -38.5055, 2.3102
-17.7664, -38.3451, 2.3102
-17.8353, -38.273, 2.3102
-17.9664, -38.1189, 2.3102
-18.103, -37.9865, 2.3102
-18.2385, -37.8428, 2.31118
-18.314, -37.7732, 2.31118
-18.4356, -37.6275, 2.3102
-18.5191, -37.5553, 2.31216
-18.6502, -37.3935, 2.31313
-18.7657, -37.2569, 2.31118
-18.9047, -37.1049, 2.31118
-18.9802, -37.0488, 2.31509
-19.11, -36.8982, 2.30727
-19.2292, -36.7433, 2.30727
-19.3061, -36.667, 2.3102
-19.4519, -36.5263, 2.3102
-19.6103, -36.3805, 2.3102
-19.7397, -36.2542, 2.3102
-19.7999, -36.1734, 2.3102
-19.9572, -36.0218, 2.3102
-20.1062, -35.8745, 2.31704
-20.1734, -35.8225, 2.31704
-20.3044, -35.6549, 2.31704
-20.4474, -35.515, 2.31704
-20.5755, -35.3625, 2.31704
-20.6403, -35.3046, 2.31704
-20.7779, -35.1899, 2.32095
-20.9063, -35.0521, 2.32095
-20.9752, -34.9836, 2.31997
-21.1234, -34.8277, 2.31997
-21.2601, -34.6712, 2.31997
-21.3606, -34.6097, 2.31997
-21.5057, -34.4374, 2.32778
-21.617, -34.282, 2.32778
-21.7835, -34.1297, 2.32778
-21.8455, -34.0641, 2.32778
-21.9967, -33.9518, 2.32778
-22.1383, -33.7917, 2.32778
-22.2217, -33.7341, 2.32778
-22.3603, -33.6123, 2.32569
-22.4685, -33.4803, 2.31091
-22.5466, -33.3904, 2.30017
-22.6897, -33.2575, 2.27632
-22.8196, -33.1066, 2.25387
-22.8742, -33.0096, 2.24118
-23.0189, -32.854, 2.22932
-23.1242, -32.6956, 2.24104
-23.2508, -32.5263, 2.24104
-23.3094, -32.4449, 2.24104
-23.4561, -32.2937, 2.24104
-23.54, -32.1852, 2.24104
-23.7196, -31.9592, 2.23909
-23.8408, -31.8117, 2.24104
-23.908, -31.7117, 2.24104
-24.0336, -31.5557, 2.24495
-24.1568, -31.4139, 2.2469
-24.2601, -31.2503, 2.24495
-24.3251, -31.1705, 2.24593
-24.4607, -31.0042, 2.24788
-24.5339, -30.9383, 2.25081
-24.6408, -30.777, 2.24886
-24.7684, -30.6192, 2.2469
-24.9563, -30.3945, 2.25472
-25.0941, -30.244, 2.25472
-25.1668, -30.1808, 2.25472
-25.2658, -30.0221, 2.25472
-25.3991, -29.8515, 2.25374
-25.5282, -29.6947, 2.25374
-25.59, -29.6112, 2.2596
-25.7183, -29.4701, 2.2596
-25.7596, -29.3917, 2.25569
-25.895, -29.2445, 2.25569
-25.9732, -29.1533, 2.25862
-26.0718, -28.9881, 2.25862
-26.1485, -28.9245, 2.26057
-26.2684, -28.7653, 2.26057
-26.3998, -28.6144, 2.26057
-26.5661, -28.445, 2.26057
-26.6452, -28.3567, 2.26253
-26.7699, -28.2008, 2.27034
-26.8226, -28.1509, 2.27034
-26.9417, -27.967, 2.26643
-27.108, -27.8094, 2.27034
-27.2397, -27.6547, 2.27034
-27.3722, -27.52, 2.27034
-27.4959, -27.3703, 2.27034
-27.608, -27.2069, 2.27327
-27.6569, -27.1292, 2.27327
-27.797, -26.9801, 2.27327
-27.9214, -26.8241, 2.27327
-28.0442, -26.6666, 2.27229
-28.1318, -26.6155, 2.27229
-28.2704, -26.4529, 2.2762
-28.3207, -26.3779, 2.27815
-28.5098, -26.1584, 2.27815
-28.5722, -26.0845, 2.27815
-28.7098, -25.9434, 2.27815
-28.784, -25.8657, 2.27815
-28.9018, -25.7269, 2.27815
-28.9716, -25.6486, 2.27913
-29.1098, -25.4801, 2.27913
-29.2414, -25.3457, 2.28108
-29.3839, -25.1826, 2.28108
-29.4642, -25.1047, 2.28304
-29.5904, -24.9531, 2.28597
-29.713, -24.7958, 2.28597
-29.9072, -24.5821, 2.28597
-30.0234, -24.4217, 2.28792
-30.0653, -24.3424, 2.28638
-30.1911, -24.1696, 2.28332
-30.3348, -24.0315, 2.27565
-30.4733, -23.864, 2.27244
-30.6191, -23.7138, 2.26477
-30.7456, -23.5595, 2.25515
-30.8778, -23.3965, 2.24901
-31.0141, -23.2542, 2.24134
-31.0732, -23.1948, 2.24023
-31.1728, -23.0238, 2.23604
-31.2929, -22.8683, 2.23298
-31.419, -22.6904, 2.23298
-31.4799, -22.5933, 2.24079
-31.5872, -22.4295, 2.24079
-31.6581, -22.3505, 2.24079
-31.784, -22.2075, 2.24079
-31.8446, -22.1226, 2.24079
-31.9786, -21.9591, 2.24079
-32.0409, -21.8682, 2.24079
-32.16, -21.7085, 2.23786
-32.2272, -21.646, 2.23786
-32.4093, -21.4251, 2.23786
-32.5501, -21.2595, 2.23786
-32.615, -21.1735, 2.24567
-32.748, -21.025, 2.24567
-32.8159, -20.9505, 2.24567
-32.9426, -20.7969, 2.24567
-33.0088, -20.7209, 2.24762
-33.1323, -20.5799, 2.25153
-33.2678, -20.406, 2.25153
-33.3811, -20.2364, 2.25153
-33.4779, -20.0786, 2.25153
-33.609, -19.9634, 2.25153
-33.7177, -19.8142, 2.25153
-33.7797, -19.7256, 2.25153
-33.8936, -19.5876, 2.25
-34.018, -19.4251, 2.24302
-34.1408, -19.2633, 2.24721
-34.2769, -19.0821, 2.24414
-34.3997, -18.9032, 2.24107
-34.5228, -18.7492, 2.238
-34.6455, -18.593, 2.24122
-34.7033, -18.5237, 2.23968
-34.832, -18.3349, 2.23661
-34.9443, -18.1942, 2.22657
-35.0305, -18.1088, 2.2235
-35.1208, -18.028, 2.2189
-35.2238, -17.8925, 2.21081
-35.3293, -17.7276, 2.20663
-35.453, -17.5854, 2.20593
-35.5705, -17.4146, 2.20287
-35.6826, -17.2679, 2.1998
-35.7979, -17.0901, 2.20454
-35.9123, -16.9408, 2.19603
-36.043, -16.7753, 2.19297
-36.1201, -16.6837, 2.19143
-36.2429, -16.5056, 2.19325
-36.2929, -16.4125, 2.19018
-36.4086, -16.2497, 2.18711
-36.5311, -16.0803, 2.18404
-36.5987, -16.0151, 2.1786
-36.7061, -15.8633, 2.17553
-36.8164, -15.7392, 2.17288
-36.933, -15.557, 2.16884
-36.9755, -15.4727, 2.17512
-37.0943, -15.2836, 2.17205
-37.1427, -15.2067, 2.17052
-37.2102, -15.1316, 2.16745
-37.3252, -14.97, 2.16438
-37.4403, -14.7979, 2.16131
-37.5785, -14.6269, 2.15824
-37.6746, -14.4614, 2.1595
-37.7776, -14.3044, 2.15643
-37.89, -14.1471, 2.15337
-38.0026, -13.9925, 2.14723
-38.0661, -13.8967, 2.12715
-38.167, -13.7222, 2.098
-38.2008, -13.6256, 2.08573
-38.3032, -13.4623, 2.06314
-38.345, -13.3646, 2.05086
-38.4145, -13.1711, 2.02632
-38.4694, -13.0743, 2.01796
-38.5443, -12.8787, 1.99341
-38.6257, -12.6902, 1.96887
-38.6897, -12.528, 1.94823
-38.7821, -12.3396, 1.92564
-38.8513, -12.1334, 1.89914
-38.8853, -12.0355, 1.88394
-38.9317, -11.947, 1.86678
-39.0116, -11.7678, 1.84573
-39.0279, -11.674, 1.83248
-39.0559, -11.5638, 1.82411
-39.1011, -11.3688, 1.80264
-39.1422, -11.1493, 1.78074
-39.1955, -10.881, 1.77461
-39.2305, -10.6792, 1.76694
-39.2282, -10.5724, 1.7608
-39.2667, -10.375, 1.73863
-39.3167, -10.1786, 1.72175
-39.3532, -9.99821, 1.70781
-39.3793, -9.79608, 1.69094
-39.3951, -9.68821, 1.67783
-39.4018, -9.58817, 1.66862
-39.4304, -9.37599, 1.65175
-39.4644, -9.20903, 1.63878
-39.4659, -9.1175, 1.63544
-39.4761, -8.92055, 1.61661
-39.4838, -8.71264, 1.5982
-39.4793, -8.51321, 1.58133
-39.4972, -8.35989, 1.56292
-39.4865, -8.33876, 1.54409
-39.4748, -7.86719, 1.53112
-39.4464, -7.66861, 1.51425
-39.4074, -7.47793, 1.49584
-39.3759, -7.26532, 1.47701
-39.3722, -7.06198, 1.46056
-39.3568, -6.88504, 1.44662
-39.3364, -6.68199, 1.42584
-39.303, -6.47405, 1.41524
-39.2676, -6.27753, 1.39837
-39.2574, -6.18152, 1.39014
-39.2014, -5.96724, 1.36936
-39.1905, -5.86489, 1.36406
-39.1566, -5.6633, 1.34523
-39.1373, -5.56499, 1.33798
-39.0896, -5.37387, 1.32111
-39.052, -5.26654, 1.31483
-38.9711, -5.0101, 1.28876
-38.9436, -4.92658, 1.28304
-38.9135, -4.82734, 1.27481
-38.8742, -4.73466, 1.26365
-38.8016, -4.53774, 1.24287
-38.7519, -4.43847, 1.23367
-38.7243, -4.34962, 1.22837
-38.6946, -4.25528, 1.2207
-38.6781, -4.1592, 1.21255
-38.6443, -4.07009, 1.20335
-38.602, -3.96725, 1.1947
-38.5588, -3.87674, 1.1855
-38.4658, -3.68941, 1.16863
-38.4349, -3.58611, 1.16137
-38.395, -3.49672, 1.15217
-38.2698, -3.24694, 1.13
-38.239, -3.162, 1.12233
-38.1523, -2.96705, 1.10392
-38.0763, -2.78501, 1.08509
-38.0233, -2.68518, 1.07491
-37.9763, -2.59212, 1.06376
-37.9296, -2.50335, 1.05999
-37.8482, -2.32026, 1.03963
-37.8101, -2.22843, 1.03196
-37.719, -2.04962, 1.01551
-37.6492, -1.95224, 1.00784
-37.491, -1.72087, 0.983712
-37.383, -1.56171, 0.962374
-37.3291, -1.4747, 0.951775
-37.237, -1.32029, 0.941179
-37.1179, -1.14487, 0.922352
-37.0231, -0.977018, 0.905478
-36.8895, -0.806203, 0.885117
-36.772, -0.648533, 0.868243
-36.6363, -0.502606, 0.851788
-36.5765, -0.435967, 0.842165
-36.4317, -0.273804, 0.825291
-36.2891, -0.156542, 0.814276
-36.1306, -0.0221763, 0.794611
-35.9593, 0.121797, 0.787083
-35.8345, 0.271819, 0.774811
-35.7657, 0.34395, 0.771048
-35.6775, 0.411188, 0.763378
-35.578, 0.479222, 0.757242
-35.4222, 0.621248, 0.743436
-35.3539, 0.709785, 0.735766
-35.2037, 0.833727, 0.72196
-35.0608, 0.963578, 0.707177
-34.9158, 1.09584, 0.693371
-34.7772, 1.20921, 0.679565
-34.6436, 1.35288, 0.665759
-34.4739, 1.47952, 0.655859
-34.2943, 1.59757, 0.636194
-34.1325, 1.71869, 0.620435
-33.9744, 1.85359, 0.612907
-33.8102, 1.9671, 0.595195
-33.751, 2.02148, 0.587106
-33.5193, 2.17571, 0.563677
-33.358, 2.28044, 0.552939
-33.1811, 2.40165, 0.549037
-33.1124, 2.45989, 0.544435
-33.0281, 2.52518, 0.540252
-32.9467, 2.57712, 0.53565
-32.881, 2.60028, 0.528118
-32.6865, 2.71366, 0.515846
-32.5077, 2.82558, 0.511525
-32.3367, 2.91226, 0.500787
-32.1566, 3.00486, 0.490049
-31.9739, 3.07995, 0.479311
-31.7833, 3.19804, 0.472479
-31.5803, 3.27378, 0.463275
-31.4693, 3.31444, 0.457139
-31.2901, 3.40214, 0.446401
-31.1403, 3.5131, 0.437197
-30.9577, 3.59911, 0.426459
-30.6924, 3.69659, 0.411119
-30.532, 3.78445, 0.400381
-30.3677, 3.87757, 0.389643
-30.19, 3.95234, 0.382812
-30.0866, 3.995, 0.37821
-29.8873, 4.06063, 0.363565
-29.7989, 4.10694, 0.355476
-29.6994, 4.13049, 0.350874
-29.512, 4.19834, 0.344042
-29.4328, 4.23332, 0.33944
-29.1548, 4.33348, 0.3241
-29.0628, 4.37537, 0.319918
-28.8647, 4.43756, 0.310714
-28.7743, 4.45888, 0.304578
-28.6753, 4.47502, 0.299976
-28.4839, 4.54131, 0.267619
-28.386, 4.57516, 0.250745
-28.3056, 4.59255, 0.235405
-28.0117, 4.64906, 0.193291
-27.8106, 4.68507, 0.161077
-27.7033, 4.69697, 0.145737
-27.5162, 4.70298, 0.115057
-27.3055, 4.72992, 0.0828429
-27.1889, 4.74522, 0.0659689
-26.9969, 4.74913, 0.0256659
-26.7811, 4.76893, -0.0126841
-26.5543, 4.78316, -0.0326261
-26.3499, 4.7981, -0.0510341
-26.1415, 4.78937, -0.0679081
-26.0327, 4.79247, -0.0716721
-25.9144, 4.77957, -0.0722291
-25.7163, 4.77757, -0.0722291
-25.4925, 4.75405, -0.0683231
-25.2895, 4.72916, -0.0663701
-25.1179, 4.71776, -0.0663701
-24.9365, 4.7192, -0.0663701
-24.7311, 4.70731, -0.0663701
-24.6308, 4.69654, -0.0663701
-24.4197, 4.69425, -0.0663701
-24.1222, 4.67837, -0.0653931
-24.0415, 4.66487, -0.0653931
-23.8344, 4.6346, -0.0780841
-23.6327, 4.61854, -0.0930051
-23.5284, 4.61415, -0.103743
-23.4433, 4.59591, -0.114481
-23.2439, 4.56828, -0.144884
-23.1432, 4.57104, -0.15325
-22.8498, 4.54565, -0.190066
-22.7435, 4.51561, -0.202338
-22.5279, 4.45692, -0.226882
-22.4291, 4.43349, -0.239154
-22.3309, 4.41797, -0.251426
-22.1221, 4.37125, -0.274994
-22.018, 4.34144, -0.274155
-21.9217, 4.31876, -0.272202
-21.7409, 4.26102, -0.272202
-21.6838, 4.23532, -0.272202
-21.4703, 4.18731, -0.272202
-21.3609, 4.15493, -0.272202
-21.2461, 4.14175, -0.272202
-21.1619, 4.11249, -0.268296
-21.0656, 4.0763, -0.268296
-20.9818, 4.05022, -0.268296
-20.7249, 3.9887, -0.268296
-20.6273, 3.96159, -0.26439
-20.5317, 3.93185, -0.263413
-20.4313, 3.89506, -0.263413
-20.3478, 3.87677, -0.263413
-20.1416, 3.8224, -0.263413
-20.0218, 3.79676, -0.263413
-19.9374, 3.7772, -0.26146
-19.8285, 3.73834, -0.26146
-19.7258, 3.71672, -0.260483
-19.5369, 3.67789, -0.260483
-19.3445, 3.6266, -0.260483
-19.244, 3.59926, -0.263413
-19.1605, 3.58299, -0.26146
-19.0616, 3.56561, -0.26146
-18.9643, 3.54442, -0.26146
-18.8587, 3.52225, -0.26146
-18.6747, 3.47803, -0.259507
-18.573, 3.44616, -0.259507
-18.4671, 3.41864, -0.259507
-18.3521, 3.38873, -0.259507
-18.2531, 3.37169, -0.257554
-18.0696, 3.32639, -0.257554
-17.9898, 3.30054, -0.257554
-17.7789, 3.24135, -0.257554
-17.6886, 3.21878, -0.257554
-17.5907, 3.20224, -0.255601
-17.4976, 3.17428, -0.255601
-17.3821, 3.1443, -0.256577
-17.2881, 3.12448, -0.256577
-17.1033, 3.08995, -0.256577
-16.9398, 3.04946, -0.256577
-16.8151, 3.02644, -0.256577
-16.6912, 2.99818, -0.256577
-16.598, 2.95918, -0.256577
-16.5184, 2.92349, -0.252671
-16.3232, 2.89462, -0.242629
-16.2182, 2.86307, -0.233425
-16.0946, 2.85659, -0.222268
-15.9027, 2.81372, -0.199534
-15.7999, 2.79219, -0.19033
-15.6039, 2.7558, -0.171503
-15.3982, 2.70131, -0.16732
-15.2519, 2.67126, -0.16732
-15.0485, 2.64522, -0.16732
-14.8309, 2.63165, -0.16732
-14.6397, 2.58984, -0.16732
-14.4187, 2.5543, -0.16732
-14.3151, 2.54231, -0.165367
-14.0353, 2.50452, -0.165367
-13.8151, 2.49272, -0.165367
-13.7119, 2.46439, -0.157835
-13.489, 2.4392, -0.146121
-13.3073, 2.39056, -0.124502
-13.1204, 2.3671, -0.105256
-12.8426, 2.32768, -0.0821082
-12.7287, 2.32735, -0.0763912
-12.5123, 2.32059, -0.0712312
-12.3273, 2.30563, -0.0712312
-12.1072, 2.30343, -0.0712312
-11.912, 2.28277, -0.0673252
-11.8123, 2.27546, -0.0673252
-11.6274, 2.27591, -0.0673252
-11.5127, 2.27229, -0.0673252
-11.3176, 2.25972, -0.0673252
-11.1087, 2.26517, -0.0653722
-10.9068, 2.24843, -0.0653722
-10.7987, 2.22491, -0.0653722
-10.7054, 2.2235, -0.0653722
-10.4242, 2.2186, -0.0653722
-10.2715, 2.21837, -0.0643962
-10.0613, 2.21069, -0.0643962
-9.84679, 2.21388, -0.0643962
-9.6458, 2.20092, -0.0643962
-9.53465, 2.19728, -0.0643962
-9.33843, 2.18329, -0.0663493
-9.03259, 2.17203, -0.0705323
-8.83309, 2.15148, -0.0696933
-8.63822, 2.12919, -0.0747143
-8.54282, 2.11845, -0.0762483
-8.33707, 2.121, -0.0808503
-8.22146, 2.10599, -0.0784783
-8.01972, 2.08917, -0.0786163
-7.81994, 2.0795, -0.0861483
-7.71913, 2.0813, -0.0876823
-7.50185, 2.03777, -0.0907503
-7.40734, 2.02149, -0.0844723
-7.22875, 2.00813, -0.0844723
-7.04739, 1.99983, -0.0844723
-6.93868, 1.984, -0.0864253
-6.7251, 1.96726, -0.0864253
-6.5279, 1.9446, -0.0825193
-6.43589, 1.93993, -0.0825193
-6.22094, 1.92568, -0.0825193
-6.03544, 1.91777, -0.0815423
-5.92349, 1.92685, -0.0815423
-5.72695, 1.90314, -0.0815423
-5.52288, 1.89234, -0.0815423
-5.32341, 1.88288, -0.0805653
-5.21535, 1.86593, -0.0805653
-5.00723, 1.85441, -0.0805653
-4.7861, 1.83656, -0.0805653
-4.58426, 1.82203, -0.0805653
-4.51712, 1.80073, -0.0805653
-4.32045, 1.80029, -0.0786123
-4.21966, 1.79529, -0.0786123
-4.00764, 1.76625, -0.0786123
-3.81503, 1.76694, -0.0786123
-3.73334, 1.75816, -0.0786123
-3.52306, 1.73689, -0.0786123
-3.33279, 1.73029, -0.0766593
-3.23194, 1.73371, -0.0766593
-3.0254, 1.70962, -0.0766593
-2.84789, 1.69765, -0.0807043
-2.779, 1.69259, -0.0822383
-2.65042, 1.68942, -0.0812613
-2.42783, 1.68423, -0.0812613
-2.33739, 1.68921, -0.0812613
-2.12754, 1.66463, -0.0812613
-2.03969, 1.66864, -0.0812613
-1.83296, 1.64197, -0.0812613
-1.73187, 1.64056, -0.0858633
-1.5282, 1.61158, -0.0988313
-1.45909, 1.61187, -0.0972973
-1.26109, 1.58144, -0.0968783
-1.05299, 1.56129, -0.0953443
-0.85516, 1.54312, -0.0929723
-0.660124, 1.52023, -0.0929723
-0.4467, 1.48628, -0.0914383
-0.234658, 1.47551, -0.0914383
-0.0363021, 1.47592, -0.0929723
0.139113, 1.46384, -0.0910183
0.314793, 1.4542, -0.0900423
0.490456, 1.43141, -0.0900423
0.73592, 1.42357, -0.0900423
0.906232, 1.38061, -0.0885083
1.09259, 1.37571, -0.0885083
1.25846, 1.37504, -0.0900423
1.4289, 1.35996, -0.0861363
1.58011, 1.32638, -0.0846023
1.7252, 1.31455, -0.0846023
1.8679, 1.31877, -0.0861363
2.00781, 1.3161, -0.0861363
2.12626, 1.31623, -0.0806953
2.31634, 1.2942, -0.0851593
2.45111, 1.29498, -0.0989653
2.54175, 1.27223, -0.120441
2.67026, 1.2607, -0.126577
2.80429, 1.2387, -0.1256
2.91368, 1.2178, -0.1256
3.03066, 1.1924, -0.1256
3.14123, 1.17844, -0.1256
3.29277, 1.1782, -0.1256
3.40124, 1.171, -0.1256
3.51039, 1.15604, -0.1256
3.67122, 1.13691, -0.1256
3.82696, 1.10543, -0.1256
3.96118, 1.10496, -0.1256
4.06172, 1.09258, -0.121694
4.15227, 1.07915, -0.121694
4.24387, 1.0709, -0.121694
4.36108, 1.0716, -0.1256
4.46883, 1.07512, -0.1256
4.58967, 1.05663, -0.121694
4.72872, 1.04199, -0.121694
4.87204, 1.04217, -0.121694
4.96039, 1.02841, -0.121694
5.08742, 1.00874, -0.121694
5.25878, 0.998413, -0.121694
5.40646, 0.95855, -0.113882
5.55973, 0.935123, -0.113882
5.71283, 0.930958, -0.112905
5.84559, 0.889369, -0.112905
5.94249, 0.877517, -0.108999
6.0814, 0.859093, -0.105093
6.24598, 0.818166, -0.105093
6.45806, 0.818112, -0.106627
6.65883, 0.796845, -0.105093
6.74744, 0.79612, -0.104116
6.95923, 0.776346, -0.104116
7.13715, 0.7585, -0.102163
7.33639, 0.735993, -0.106069
7.53201, 0.72475, -0.104116
7.74161, 0.711253, -0.102163
7.94971, 0.68992, -0.102163
8.14102, 0.670522, -0.10314
8.32954, 0.651911, -0.0992333
8.52922, 0.639685, -0.0992333
8.72435, 0.629091, -0.0992333
8.94003, 0.601141, -0.0992333
9.11121, 0.586487, -0.0922593
9.31048, 0.569393, -0.0875193
9.50598, 0.546264, -0.0755233
9.72903, 0.520642, -0.0756663
9.93097, 0.5148, -0.0617173
10.1251, 0.516128, -0.0520943
10.3271, 0.506799, -0.0459583
10.5448, 0.505256, -0.0382883
10.737, 0.489712, -0.0321523
10.8305, 0.501318, -0.0236443
11.0338, 0.50533, -0.0175083
11.2247, 0.500487, -0.00983828
11.4247, 0.507436, 0.00118072
11.6421, 0.488458, 0.00885072
11.8345, 0.480113, 0.0208457
12.0156, 0.477312, 0.0246097
12.2128, 0.493302, 0.0246097
12.4146, 0.494167, 0.0246097
12.4962, 0.507095, 0.0255867
12.6941, 0.515991, 0.0294927
12.8789, 0.513158, 0.0279587
13.1124, 0.527347, 0.0186117
13.3429, 0.523063, 0.00327172
13.6087, 0.520327, -0.00537028
13.7007, 0.515144, -0.00537028
13.9102, 0.51109, -0.00537028
14.104, 0.515908, -0.00537028
14.2061, 0.525477, -0.00341728
14.4092, 0.516307, 0.000488722
14.6315, 0.507916, -0.0180613
14.835, 0.511723, -0.0318673
15.0344, 0.497592, -0.0518093
15.1378, 0.492996, -0.0639433
15.3309, 0.476749, -0.0598943
15.5031, 0.457033, -0.0598943
15.5864, 0.440886, -0.0598943
15.7806, 0.445244, -0.0579413
15.9007, 0.446494, -0.0579413
16.1126, 0.443592, -0.0579413
16.3022, 0.409433, -0.0540353
16.51, 0.394083, -0.0540353
16.6012, 0.393257, -0.0540353
16.785, 0.379209, -0.0540353
16.9058, 0.39263, -0.0540353
16.9966, 0.385368, -0.0540353
17.2933, 0.36772, -0.0520823
17.4902, 0.357022, -0.0501293
17.594, 0.361203, -0.0501293
17.7959, 0.36046, -0.0501293
17.9798, 0.351817, -0.0501293
18.1805, 0.379298, -0.0501293
18.282, 0.373618, -0.0501293
